event_name,division_name,athlete_name,athlete_canonical_name,athlete_profile_url,age_group,position,position_ag,finish_time,analysis_url,has_splits,run_1,run_2,run_3,run_4,run_5,run_6,run_7,run_8,ski,sled_push,sled_pull,burpee_bround_jumps,row,farmers_carry,lunges,wallballs
chicago_2025,elite_men,Tim Wenisch,tim-wenisch,https://www.hyresult.com/athlete/tim-wenisch,unknown,1,unknown,3233,https://www.hyresult.com/result/LR3MS4JI33164E,true,238,204,220,232,234,216,238,164,223,134,219,159,229,99,187,237
chicago_2025,elite_men,Hunter McIntyre,hunter-mcintyre,https://www.hyresult.com/athlete/hunter-mcintyre,unknown,2,unknown,3238,https://www.hyresult.com/result/LR3MS4JI33164F,true,238,204,223,240,243,222,248,174,220,121,221,154,236,105,187,202
chicago_2025,elite_men,Dylan Scott,dylan-scott,https://www.hyresult.com/athlete/dylan-scott,unknown,3,unknown,3298,https://www.hyresult.com/result/LR3MS4JI33164D,true,253,211,233,245,246,222,248,174,228,136,209,157,231,90,188,227
chicago_2025,elite_men,James Kelly,james-kelly,https://www.hyresult.com/athlete/james-kelly,unknown,4,unknown,3327,https://www.hyresult.com/result/LR3MS4JI331648,true,237,209,232,248,252,216,238,172,230,146,262,163,239,94,189,200
chicago_2025,elite_men,Jonathon Wynn,jonathon-wynn,https://www.hyresult.com/athlete/jonathon-wynn,unknown,5,unknown,3349,https://www.hyresult.com/result/LR3MS4JI331655,true,255,216,234,247,247,224,244,174,235,152,194,186,243,92,190,216
chicago_2025,elite_men,Tom Rodgers,tom-rodgers,https://www.hyresult.com/athlete/tom-rodgers,unknown,6,unknown,3354,https://www.hyresult.com/result/LR3MS4JI331653,true,253,210,232,241,241,216,241,170,234,152,225,192,239,92,198,218
chicago_2025,elite_men,Hidde Weersma,hidde-weersma,https://www.hyresult.com/athlete/hidde-weersma,unknown,7,unknown,3369,https://www.hyresult.com/result/LR3MS4JI331654,true,250,216,228,247,246,221,246,172,228,148,205,181,238,93,204,246
chicago_2025,elite_men,Alexander Roncevic,alexander-roncevic,https://www.hyresult.com/athlete/alexander-roncevic,unknown,8,unknown,3381,https://www.hyresult.com/result/LR3MS4JI331647,true,240,205,235,246,254,232,257,179,232,137,226,174,244,94,218,208
chicago_2025,elite_men,Beau Wills,beau-wills,https://www.hyresult.com/athlete/beau-wills,unknown,9,unknown,3411,https://www.hyresult.com/result/LR3MS4JI331651,true,254,215,238,253,251,229,259,182,236,148,208,168,242,90,189,249
chicago_2025,elite_men,Graham Halliday,graham-halliday,https://www.hyresult.com/athlete/graham-halliday,unknown,10,unknown,3421,https://www.hyresult.com/result/LR3MS4JI331650,true,251,209,237,250,248,230,258,185,233,151,220,181,244,95,206,223
chicago_2025,elite_men,Rich Ryan,rich-ryan,https://www.hyresult.com/athlete/rich-ryan,unknown,11,unknown,3422,https://www.hyresult.com/result/LR3MS4JI331649,true,239,217,245,262,252,220,253,191,238,117,200,187,249,110,213,229
chicago_2025,elite_men,Pelayo Menendez Fernandez,pelayo-menendez-fernandez,https://www.hyresult.com/athlete/pelayo-menendez-fernandez,unknown,12,unknown,3522,https://www.hyresult.com/result/LR3MS4JI331652,true,250,212,245,265,273,246,268,201,239,158,224,172,243,97,187,242
chicago_2025,elite_men,Tomas Tvrdik,tomas-tvrdik,https://www.hyresult.com/athlete/tomas-tvrdik,unknown,13,unknown,3699,https://www.hyresult.com/result/LR3MS4JI33164C,true,248,217,235,257,272,256,285,197,230,153,230,211,255,124,271,258
chicago_2025,elite_men,Rylan Schadegg,rylan-schadegg,https://www.hyresult.com/athlete/rylan-schadegg,unknown,14,unknown,3702,https://www.hyresult.com/result/LR3MS4JI33164B,true,252,210,236,256,276,228,275,191,231,138,218,206,240,126,223,396
chicago_2025,pro_men,Harry Thompson,harry-thompson,https://www.hyresult.com/athlete/harry-thompson,30_34,1,1,3400,https://www.hyresult.com/result/LR3MS4JI309C19,true,4,13,24,2,23,21,14,232,228,188,221,182,234,75,154,236
chicago_2025,pro_men,Sean Noble,sean-noble,https://www.hyresult.com/athlete/sean-noble,25_29,2,1,3423,https://www.hyresult.com/result/LR3MS4JI32412D,true,3,13,24,2,2,25,14,255,228,153,191,173,241,72,199,223
chicago_2025,pro_men,Josh Van Zeeland,josh-van-zeeland,https://www.hyresult.com/athlete/josh-van-zeeland,25_29,3,2,3459,https://www.hyresult.com/result/LR3MS4JI3098B1,true,4,13,28,3,3,21,16,237,230,213,232,160,233,85,169,274
chicago_2025,pro_men,Luis García Rubio,luis-garcia-rubio,https://www.hyresult.com/athlete/luis-garcia-rubio,unknown,4,1,3508,https://www.hyresult.com/result/LR3MS4JI309A8A,true,4,13,24,3,2,21,16,228,232,209,268,172,243,95,204,215
chicago_2025,pro_men,Josh Ward,josh-ward,https://www.hyresult.com/athlete/josh-ward,30_34,5,2,3537,https://www.hyresult.com/result/LR3MS4JI30971A,true,4,13,25,4,3,24,18,243,235,178,219,188,245,91,179,229
chicago_2025,pro_men,Grady Jackson,unknown,unknown,35_39,6,1,3538,https://www.hyresult.com/result/LR3MS4JI309885,false,0,0,0,0,0,0,0,0,0,0,0,0,0,0,0,0
chicago_2025,pro_men,Luke Brotherton,luke-brotherton,https://www.hyresult.com/athlete/luke-brotherton,30_34,7,3,3541,https://www.hyresult.com/result/LR3MS4JI3098AF,true,3,14,26,2,2,23,18,229,237,160,262,189,242,84,193,225
chicago_2025,pro_men,Pablo Sánchez Santos,pablo-sanchez-santos,https://www.hyresult.com/athlete/pablo-sanchez-santos,30_34,8,4,3542,https://www.hyresult.com/result/LR3MS4JI309F07,true,4,13,41,2,2,16,19,229,241,193,241,148,242,104,192,284
chicago_2025,pro_men,Maarten Enthoven,maarten-enthoven,https://www.hyresult.com/athlete/maarten-enthoven,25_29,9,3,3544,https://www.hyresult.com/result/LR3MS4JI3093B5,true,4,13,24,2,3,16,14,261,227,183,214,191,234,90,183,237
chicago_2025,pro_men,Christopher Kumesu-Egri,christopher-kumesu-egri,https://www.hyresult.com/athlete/christopher-kumesu-egri,unknown,10,2,3547,https://www.hyresult.com/result/LR3MS4JI309D8B,true,4,14,25,2,3,25,16,255,227,146,207,179,231,95,187,249
chicago_2025,pro_men,Isaac Sanderson,isaac-sanderson,https://www.hyresult.com/athlete/isaac-sanderson,25_29,11,4,3554,https://www.hyresult.com/result/LR3MS4JI309728,true,4,12,23,4,3,22,15,242,237,190,222,187,236,114,180,257
chicago_2025,pro_men,Adam Corlett,unknown,unknown,40_44,12,1,3560,https://www.hyresult.com/result/LR3MS4JI309BBE,false,0,0,0,0,0,0,0,0,0,0,0,0,0,0,0,0
chicago_2025,pro_men,Aaron Travers,aaron-travers,https://www.hyresult.com/athlete/aaron-travers,25_29,13,5,3560,https://www.hyresult.com/result/LR3MS4JI309F09,true,4,14,26,2,3,22,16,270,226,131,196,184,248,86,195,224
chicago_2025,pro_men,Joey Patchitt,joey-patchitt,https://www.hyresult.com/athlete/joey-patchitt,30_34,14,5,3574,https://www.hyresult.com/result/LR3MS4JI309E98,true,4,13,23,3,2,22,17,246,230,147,280,196,242,87,198,232
chicago_2025,pro_men,Kyle Schoonbee,kyle-schoonbee,https://www.hyresult.com/athlete/kyle-schoonbee,25_29,15,6,3574,https://www.hyresult.com/result/LR3MS4JI309382,true,4,13,24,2,2,24,17,247,231,176,204,187,229,121,217,264
chicago_2025,pro_men,Ryan Douglas,ryan-douglas,https://www.hyresult.com/athlete/ryan-douglas,unknown,16,3,3577,https://www.hyresult.com/result/LR3MS4JI309F2D,true,3,14,24,3,3,28,16,237,234,173,230,174,244,88,163,295
chicago_2025,pro_men,Robin Perségol,robin-persegol,https://www.hyresult.com/athlete/robin-persegol,30_34,17,6,3579,https://www.hyresult.com/result/LR3MS4JI309ECD,true,4,14,26,3,3,23,16,248,232,133,226,217,238,78,186,218
chicago_2025,pro_men,Quentin Garel,quentin-garel,https://www.hyresult.com/athlete/quentin-garel,25_29,18,7,3579,https://www.hyresult.com/result/LR3MS4JI309C77,true,5,13,26,3,3,24,17,253,239,163,212,182,241,110,183,262
chicago_2025,pro_men,Marc Dean,marc-dean,https://www.hyresult.com/athlete/marc-dean,30_34,19,7,3581,https://www.hyresult.com/result/LR3MS4JI309751,true,4,13,24,3,2,17,18,236,230,210,303,186,242,86,194,236
chicago_2025,pro_men,Cole Learn,cole-learn,https://www.hyresult.com/athlete/cole-learn,30_34,20,8,3585,https://www.hyresult.com/result/LR3MS4JI30936E,true,4,13,28,3,2,24,17,253,234,226,238,179,249,86,176,190
chicago_2025,pro_men,Alan Cao,alan-cao,https://www.hyresult.com/athlete/alan-cao,30_34,21,9,3586,https://www.hyresult.com/result/LR3MS4JI309D02,true,4,13,26,3,2,21,14,248,228,211,239,165,235,87,199,226
chicago_2025,pro_men,Aaron Woodman,aaron-woodman,https://www.hyresult.com/athlete/aaron-woodman,35_39,22,2,3592,https://www.hyresult.com/result/LR3MS4JI309533,true,4,13,25,2,3,22,15,248,238,158,238,194,240,77,191,262
chicago_2025,pro_men,Guillaume Levoy,guillaume-levoy,https://www.hyresult.com/athlete/guillaume-levoy,40_44,23,2,3594,https://www.hyresult.com/result/LR3MS4JI309CD9,true,4,13,24,2,3,16,15,250,231,177,250,173,242,105,193,272
chicago_2025,pro_men,Thomas Dubost,thomas-dubost,https://www.hyresult.com/athlete/thomas-dubost,unknown,24,4,3601,https://www.hyresult.com/result/LR3MS4JI309DA5,true,4,13,26,3,3,23,19,263,230,140,227,189,239,95,215,229
chicago_2025,pro_men,Tommy Valentin,tommy-valentin,https://www.hyresult.com/athlete/tommy-valentin,30_34,25,10,3604,https://www.hyresult.com/result/LR3MS4JI3093CC,true,5,13,24,3,3,21,15,244,242,217,267,177,247,87,182,210
chicago_2025,pro_men,Gabe Heck,gabe-heck,https://www.hyresult.com/athlete/gabe-heck,30_34,26,11,3607,https://www.hyresult.com/result/LR3MS4JI3094B4,true,4,13,25,2,2,24,14,245,229,200,253,189,242,86,211,204
chicago_2025,pro_men,Louis Osselaer,unknown,unknown,30_34,27,12,3611,https://www.hyresult.com/result/LR3MS4JI309346,false,0,0,0,0,0,0,0,0,0,0,0,0,0,0,0,0
chicago_2025,pro_men,Benito Baez Ayala,benito-baez-ayala,https://www.hyresult.com/athlete/benito-baez-ayala,35_39,28,3,3613,https://www.hyresult.com/result/LR3MS4JI309E40,true,4,14,28,4,3,21,19,243,238,157,308,181,247,86,201,225
chicago_2025,pro_men,Michael Stephens,michael-stephens,https://www.hyresult.com/athlete/michael-stephens,30_34,29,13,3614,https://www.hyresult.com/result/LR3MS4JI309C00,true,3,13,27,2,5,18,15,249,227,193,251,191,240,85,198,217
chicago_2025,pro_men,Turker Alici,turker-alici,https://www.hyresult.com/athlete/turker-alici,30_34,30,14,3615,https://www.hyresult.com/result/LR3MS4JI324153,true,4,14,28,3,2,25,18,247,226,149,269,172,240,82,175,220
chicago_2025,pro_men,Guiseppe Romeo,guiseppe-romeo,https://www.hyresult.com/athlete/guiseppe-romeo,35_39,31,4,3621,https://www.hyresult.com/result/LR3MS4JI3093AC,true,4,12,24,3,4,22,17,258,225,180,224,195,244,97,191,253
chicago_2025,pro_men,Liam Mccroary,liam-mccroary,https://www.hyresult.com/athlete/liam-mccroary,25_29,32,8,3622,https://www.hyresult.com/result/LR3MS4JI30976C,true,4,13,16,2,2,0,17,233,235,210,295,144,236,238,189,246
chicago_2025,pro_men,Greg Lewis,greg-lewis,https://www.hyresult.com/athlete/greg-lewis,35_39,33,5,3629,https://www.hyresult.com/result/LR3MS4JI309C42,true,4,14,27,4,3,21,20,267,240,130,209,182,241,85,187,254
chicago_2025,pro_men,Robert Van Herk,robert-van-herk,https://www.hyresult.com/athlete/robert-van-herk,40_44,34,3,3639,https://www.hyresult.com/result/LR3MS4JI309F24,true,4,14,24,3,3,21,17,247,242,210,234,186,248,95,198,252
chicago_2025,pro_men,Erik Oscar Bøe,erik-oscar-boe,https://www.hyresult.com/athlete/erik-oscar-boe,25_29,35,9,3647,https://www.hyresult.com/result/LR3MS4JI309D13,true,4,14,25,3,3,21,19,252,234,161,242,200,252,102,217,253
chicago_2025,pro_men,Hugo Hugemarq,hugo-hugemarq,https://www.hyresult.com/athlete/hugo-hugemarq,25_29,36,10,3649,https://www.hyresult.com/result/LR3MS4JI309370,true,4,14,24,5,3,25,15,250,221,202,232,202,235,90,170,249
chicago_2025,pro_men,Joshua Braznell,joshua-braznell,https://www.hyresult.com/athlete/joshua-braznell,30_34,37,15,3656,https://www.hyresult.com/result/LR3MS4JI309E1C,true,5,14,25,2,3,18,15,252,247,158,262,164,252,74,206,263
chicago_2025,pro_men,Jordan Bryant,jordan-bryant,https://www.hyresult.com/athlete/jordan-bryant,30_34,38,16,3663,https://www.hyresult.com/result/LR3MS4JI309A1E,true,5,13,18,4,2,23,17,269,230,212,250,176,240,89,177,261
chicago_2025,pro_men,Joffrey Voisin,joffrey-voisin,https://www.hyresult.com/athlete/joffrey-voisin,40_44,39,4,3663,https://www.hyresult.com/result/LR3MS4JI309F28,true,4,14,25,4,4,25,17,267,229,205,213,197,241,94,202,251
chicago_2025,pro_men,Jamie Pratt,jamie-pratt,https://www.hyresult.com/athlete/jamie-pratt,30_34,40,17,3668,https://www.hyresult.com/result/LR3MS4JI309733,true,4,12,25,3,2,23,18,252,230,206,240,225,244,95,195,250
chicago_2025,pro_men,Colin Stiefer,colin-stiefer,https://www.hyresult.com/athlete/colin-stiefer,25_29,41,12,3671,https://www.hyresult.com/result/LR3MS4JI30993E,true,4,13,24,2,3,26,19,248,228,189,333,189,239,120,196,228
chicago_2025,pro_men,Danny Rae,danny-rae,https://www.hyresult.com/athlete/danny-rae,25_29,42,11,3671,https://www.hyresult.com/result/LR3MS4JI30990B,true,3,13,24,2,3,23,20,248,235,138,246,180,247,113,195,335
chicago_2025,pro_men,Jack Driscoll,jack-driscoll,https://www.hyresult.com/athlete/jack-driscoll,25_29,43,13,3674,https://www.hyresult.com/result/LR3MS4JI309D48,true,4,14,25,3,3,22,17,261,229,177,277,190,243,90,189,224
chicago_2025,pro_men,Jake Gibbs,jake-gibbs,https://www.hyresult.com/athlete/jake-gibbs,25_29,44,14,3677,https://www.hyresult.com/result/LR3MS4JI3093F1,true,4,13,25,4,3,23,19,247,224,248,274,166,246,103,191,259
chicago_2025,pro_men,Damien Bourke,damien-bourke,https://www.hyresult.com/athlete/damien-bourke,30_34,45,18,3679,https://www.hyresult.com/result/LR3MS4JI309BE2,true,4,13,25,3,3,23,18,254,235,189,253,195,247,80,197,252
chicago_2025,pro_men,Joao Rosa De Almeida,joao-rosa-de-almeida,https://www.hyresult.com/athlete/joao-rosa-de-almeida,25_29,46,15,3680,https://www.hyresult.com/result/LR3MS4JI3098C7,true,4,14,26,2,2,19,18,266,234,166,257,187,243,91,204,211
chicago_2025,pro_men,Stephen Pelkofer,stephen-pelkofer,https://www.hyresult.com/athlete/stephen-pelkofer,30_34,47,19,3680,https://www.hyresult.com/result/LR3MS4JI309593,true,5,13,26,2,2,24,17,262,231,198,258,183,249,91,192,225
chicago_2025,pro_men,Kane Baigent,kane-baigent,https://www.hyresult.com/athlete/kane-baigent,35_39,48,6,3682,https://www.hyresult.com/result/LR3MS4JI309BA9,true,4,13,25,3,3,21,18,249,243,155,242,179,245,108,204,300
chicago_2025,pro_men,Ben Sheppard,ben-sheppard,https://www.hyresult.com/athlete/ben-sheppard,30_34,49,20,3686,https://www.hyresult.com/result/LR3MS4JI309A47,true,4,13,26,2,2,22,15,254,236,221,238,179,238,88,216,240
chicago_2025,pro_men,Elte Hupkes,elte-hupkes,https://www.hyresult.com/athlete/elte-hupkes,30_34,50,21,3687,https://www.hyresult.com/result/LR3MS4JI309E42,true,3,13,25,23,3,20,16,251,236,169,250,203,238,86,174,297
chicago_2025,pro_men,Aldo Lozano Márquez,aldo-lozano-marquez,https://www.hyresult.com/athlete/aldo-lozano-marquez,25_29,51,16,3688,https://www.hyresult.com/result/LR3MS4JI30973D,true,4,14,25,3,3,24,18,248,226,205,281,196,250,105,243,237
chicago_2025,pro_men,Niall Mcmeeken,niall-mcmeeken,https://www.hyresult.com/athlete/niall-mcmeeken,30_34,52,22,3693,https://www.hyresult.com/result/LR3MS4JI309A84,true,4,14,23,2,2,23,14,257,239,165,270,175,247,110,217,251
chicago_2025,pro_men,John Townsend,john-townsend,https://www.hyresult.com/athlete/john-townsend,40_44,53,5,3693,https://www.hyresult.com/result/LR3MS4JI3096DF,true,4,13,24,1,2,15,17,253,244,140,260,197,244,115,216,312
chicago_2025,pro_men,Samuele Carlo Ayrton Abrami,samuele-carlo-ayrton-abrami,https://www.hyresult.com/athlete/samuele-carlo-ayrton-abrami,25_29,54,17,3704,https://www.hyresult.com/result/LR3MS4JI309B99,true,4,13,24,3,2,26,16,244,230,230,321,227,237,98,183,202
chicago_2025,pro_men,Tadgh Carroll,tadgh-carroll,https://www.hyresult.com/athlete/tadgh-carroll,30_34,55,23,3708,https://www.hyresult.com/result/LR3MS4JI309A63,true,4,14,25,3,3,23,20,271,225,158,244,200,240,96,224,234
chicago_2025,pro_men,Ryan Callahan,ryan-callahan,https://www.hyresult.com/athlete/ryan-callahan,30_34,56,24,3711,https://www.hyresult.com/result/LR3MS4JI3099F0,true,4,12,24,3,3,21,16,255,240,192,290,191,247,83,177,257
chicago_2025,pro_men,Achraf Maizzou,achraf-maizzou,https://www.hyresult.com/athlete/achraf-maizzou,35_39,57,7,3713,https://www.hyresult.com/result/LR3MS4JI3093DE,true,4,14,26,3,4,25,18,254,236,208,274,170,249,101,208,221
chicago_2025,pro_men,Luke Ennis,luke-ennis,https://www.hyresult.com/athlete/luke-ennis,unknown,58,5,3715,https://www.hyresult.com/result/LR3MS4JI30975B,true,4,13,24,3,3,20,19,236,234,199,306,191,236,110,215,247
chicago_2025,pro_men,Augie Lengling,augie-lengling,https://www.hyresult.com/athlete/augie-lengling,35_39,59,8,3716,https://www.hyresult.com/result/LR3MS4JI30959A,true,4,13,27,3,3,22,16,259,235,186,224,208,241,88,228,237
chicago_2025,pro_men,Anthony Di Paolo,anthony-di-paolo,https://www.hyresult.com/athlete/anthony-di-paolo,25_29,60,18,3718,https://www.hyresult.com/result/LR3MS4JI309C37,true,4,14,24,3,2,22,16,268,228,163,222,218,242,93,214,259
chicago_2025,pro_men,Nikola Sovljanski,nikola-sovljanski,https://www.hyresult.com/athlete/nikola-sovljanski,unknown,61,6,3719,https://www.hyresult.com/result/LR3MS4JI309956,true,4,13,26,3,3,21,15,266,238,142,218,174,244,89,199,276
chicago_2025,pro_men,Anthony Casano,anthony-casano,https://www.hyresult.com/athlete/anthony-casano,25_29,62,19,3721,https://www.hyresult.com/result/LR3MS4JI309A33,true,4,13,26,2,3,27,18,275,230,128,279,167,238,110,202,273
chicago_2025,pro_men,Luke Mccarthy,luke-mccarthy,https://www.hyresult.com/athlete/luke-mccarthy,30_34,63,25,3723,https://www.hyresult.com/result/LR3MS4JI309E10,true,4,14,24,2,2,25,17,250,236,204,275,186,258,105,234,286
chicago_2025,pro_men,Thomas MOUFLARD,thomas-mouflard,https://www.hyresult.com/athlete/thomas-mouflard,30_34,64,26,3723,https://www.hyresult.com/result/LR3MS4JI309849,true,4,12,23,2,3,24,17,250,236,145,243,197,248,93,191,397
chicago_2025,pro_men,Tony Revell,tony-revell,https://www.hyresult.com/athlete/tony-revell,35_39,65,9,3725,https://www.hyresult.com/result/LR3MS4JI309EFE,true,4,13,27,3,2,23,16,240,235,212,278,180,250,107,236,294
chicago_2025,pro_men,Kristofer McSherry,kristofer-mcsherry,https://www.hyresult.com/athlete/kristofer-mcsherry,30_34,66,27,3727,https://www.hyresult.com/result/LR3MS4JI3099B4,true,4,14,29,2,30,21,16,261,241,165,240,221,241,106,200,293
chicago_2025,pro_men,Benjamin Amsallem,benjamin-amsallem,https://www.hyresult.com/athlete/benjamin-amsallem,30_34,67,28,3731,https://www.hyresult.com/result/LR3MS4JI309783,true,4,13,25,2,3,25,16,262,240,178,230,160,240,84,225,256
chicago_2025,pro_men,Harvey Williams,unknown,unknown,unknown,68,7,3731,https://www.hyresult.com/result/LR3MS4JI309BFB,false,0,0,0,0,0,0,0,0,0,0,0,0,0,0,0,0
chicago_2025,pro_men,Samuel Hebert,samuel-hebert,https://www.hyresult.com/athlete/samuel-hebert,30_34,69,29,3738,https://www.hyresult.com/result/LR3MS4JI324144,true,4,15,29,2,3,21,18,258,248,157,289,155,255,77,210,211
chicago_2025,pro_men,Sam Schoeman,sam-schoeman,https://www.hyresult.com/athlete/sam-schoeman,unknown,70,8,3738,https://www.hyresult.com/result/LR3MS4JI309A0F,true,3,2,24,3,2,21,16,252,232,249,271,204,239,108,184,253
chicago_2025,pro_men,Junior Oby obi,unknown,unknown,25_29,71,20,3740,https://www.hyresult.com/result/LR3MS4JI309855,false,0,0,0,0,0,0,0,0,0,0,0,0,0,0,0,0
chicago_2025,pro_men,Joe Orr,joe-orr,https://www.hyresult.com/athlete/joe-orr,unknown,72,9,3744,https://www.hyresult.com/result/LR3MS4JI3095A2,true,4,13,26,3,3,25,18,272,229,147,281,180,236,108,187,276
chicago_2025,pro_men,Mitchell Green,mitchell-green,https://www.hyresult.com/athlete/mitchell-green,25_29,73,22,3747,https://www.hyresult.com/result/LR3MS4JI309C99,true,4,13,26,4,3,25,22,250,233,145,308,215,245,83,176,311
chicago_2025,pro_men,Abbas Nazari,abbas-nazari,https://www.hyresult.com/athlete/abbas-nazari,25_29,74,21,3747,https://www.hyresult.com/result/LR3MS4JI309F48,true,4,14,26,2,3,21,14,264,238,158,226,203,248,118,217,258
chicago_2025,pro_men,Bay Tucek,bay-tucek,https://www.hyresult.com/athlete/bay-tucek,unknown,75,10,3754,https://www.hyresult.com/result/LR3MS4JI309959,true,4,13,25,2,2,22,16,248,232,220,295,198,250,111,201,244
chicago_2025,pro_men,Hakan Burton,hakan-burton,https://www.hyresult.com/athlete/hakan-burton,30_34,76,30,3755,https://www.hyresult.com/result/LR3MS4JI309578,true,4,13,26,3,8,24,18,262,220,146,274,197,244,97,198,327
chicago_2025,pro_men,Lee Tynan,unknown,unknown,35_39,77,10,3757,https://www.hyresult.com/result/LR3MS4JI309A83,false,0,0,0,0,0,0,0,0,0,0,0,0,0,0,0,0
chicago_2025,pro_men,Mason Stevens,mason-stevens,https://www.hyresult.com/athlete/mason-stevens,25_29,78,23,3758,https://www.hyresult.com/result/LR3MS4JI309D5A,true,3,13,25,8,2,29,18,258,236,158,318,177,246,89,203,266
chicago_2025,pro_men,Dan Nota,unknown,unknown,25_29,79,24,3759,https://www.hyresult.com/result/LR3MS4JI3095ED,false,0,0,0,0,0,0,0,0,0,0,0,0,0,0,0,0
chicago_2025,pro_men,Marc Howe,marc-howe,https://www.hyresult.com/athlete/marc-howe,35_39,80,11,3761,https://www.hyresult.com/result/LR3MS4JI309DDF,true,4,15,28,3,3,24,21,273,228,157,247,194,234,99,196,233
chicago_2025,pro_men,Tom Gibson,tom-gibson,https://www.hyresult.com/athlete/tom-gibson,30_34,81,31,3761,https://www.hyresult.com/result/LR3MS4JI309750,true,5,13,25,4,3,21,13,244,251,183,298,167,251,105,210,308
chicago_2025,pro_men,Nils Knuth,nils-knuth,https://www.hyresult.com/athlete/nils-knuth,unknown,82,11,3762,https://www.hyresult.com/result/LR3MS4JI309D79,true,5,14,27,3,2,23,17,289,235,131,217,176,247,90,178,249
chicago_2025,pro_men,Lloyd Mulholland,lloyd-mulholland,https://www.hyresult.com/athlete/lloyd-mulholland,30_34,83,32,3765,https://www.hyresult.com/result/LR3MS4JI309515,true,4,13,24,3,2,21,16,243,247,230,279,193,252,102,197,291
chicago_2025,pro_men,Cédric Khampasath,cedric-khampasath,https://www.hyresult.com/athlete/cedric-khampasath,35_39,84,12,3767,https://www.hyresult.com/result/LR3MS4JI309D32,true,4,13,26,3,4,22,16,250,244,225,309,195,254,96,202,233
chicago_2025,pro_men,Stephen Harold,stephen-harold,https://www.hyresult.com/athlete/stephen-harold,35_39,85,13,3772,https://www.hyresult.com/result/LR3MS4JI309AA5,true,4,14,13,3,4,27,17,271,232,175,241,175,243,92,226,298
chicago_2025,pro_men,Franz Löschke,franz-loeschke,https://www.hyresult.com/athlete/franz-loeschke,35_39,86,14,3775,https://www.hyresult.com/result/LR3MS4JI309EA1,true,4,13,24,3,3,20,18,334,231,208,303,225,242,95,211,270
chicago_2025,pro_men,Théo Lainé,theo-laine,https://www.hyresult.com/athlete/theo-laine,unknown,87,12,3776,https://www.hyresult.com/result/LR3MS4JI309D14,true,3,13,26,2,2,21,16,238,239,254,354,190,257,104,196,264
chicago_2025,pro_men,Steve Pinau,steve-pinau,https://www.hyresult.com/athlete/steve-pinau,35_39,88,15,3777,https://www.hyresult.com/result/LR3MS4JI3095E4,true,4,13,24,2,2,20,18,256,232,213,302,174,246,89,206,345
chicago_2025,pro_men,Kees Aardenburg,kees-aardenburg,https://www.hyresult.com/athlete/kees-aardenburg,25_29,89,25,3779,https://www.hyresult.com/result/LR3MS4JI309F26,true,4,13,24,2,3,23,16,253,237,160,291,197,243,117,212,338
chicago_2025,pro_men,Cole Walkington,cole-walkington,https://www.hyresult.com/athlete/cole-walkington,unknown,90,13,3779,https://www.hyresult.com/result/LR3MS4JI3095E9,true,4,12,24,2,3,24,16,246,239,221,300,191,250,131,198,278
chicago_2025,pro_men,Matthew Bloor,unknown,unknown,30_34,91,33,3780,https://www.hyresult.com/result/LR3MS4JI309878,false,0,0,0,0,0,0,0,0,0,0,0,0,0,0,0,0
chicago_2025,pro_men,Will Grumke,will-grumke,https://www.hyresult.com/athlete/will-grumke,30_34,92,34,3782,https://www.hyresult.com/result/LR3MS4JI309823,true,4,13,25,3,6,27,14,251,231,256,297,199,239,105,188,255
chicago_2025,pro_men,Jerome Arnaud,jerome-arnaud,https://www.hyresult.com/athlete/jerome-arnaud,35_39,93,16,3784,https://www.hyresult.com/result/LR3MS4JI309AA7,true,4,14,28,2,3,23,16,269,232,222,257,179,241,91,189,232
chicago_2025,pro_men,Marc Dörfer,marc-doerfer,https://www.hyresult.com/athlete/marc-doerfer,30_34,94,35,3785,https://www.hyresult.com/result/LR3MS4JI309629,true,4,14,26,2,2,19,17,270,244,163,259,181,250,83,182,317
chicago_2025,pro_men,Gaëtan Escrivant,gaetan-escrivant,https://www.hyresult.com/athlete/gaetan-escrivant,unknown,95,14,3791,https://www.hyresult.com/result/LR3MS4JI3096CF,true,4,13,24,2,4,21,15,249,226,220,314,204,235,99,199,284
chicago_2025,pro_men,Tommy Allott,tommy-allott,https://www.hyresult.com/athlete/tommy-allott,25_29,96,26,3793,https://www.hyresult.com/result/LR3MS4JI3093AB,true,4,13,26,21,3,26,21,247,246,177,295,203,254,118,235,219
chicago_2025,pro_men,Clément Puaud Canard,clement-puaud-canard,https://www.hyresult.com/athlete/clement-puaud-canard,25_29,97,27,3794,https://www.hyresult.com/result/LR3MS4JI309E0C,true,4,13,24,2,3,22,21,243,242,263,316,219,251,104,201,245
chicago_2025,pro_men,Jamie De Abreu,jamie-de-abreu,https://www.hyresult.com/athlete/jamie-de-abreu,30_34,98,36,3796,https://www.hyresult.com/result/LR3MS4JI309A28,true,4,13,25,2,3,20,18,264,237,157,270,221,247,87,207,289
chicago_2025,pro_men,Jannick Plantinga,jannick-plantinga,https://www.hyresult.com/athlete/jannick-plantinga,30_34,99,37,3797,https://www.hyresult.com/result/LR3MS4JI309517,true,4,13,26,3,3,27,22,275,226,199,238,167,248,100,215,282
chicago_2025,pro_men,Marcus Funken,marcus-funken,https://www.hyresult.com/athlete/marcus-funken,30_34,100,38,3804,https://www.hyresult.com/result/LR3MS4JI3315DA,true,4,13,23,3,3,27,16,248,244,271,345,183,250,92,196,225
chicago_2025,pro_men,Aaron Docherty,unknown,unknown,25_29,101,28,3804,https://www.hyresult.com/result/LR3MS4JI309A86,false,0,0,0,0,0,0,0,0,0,0,0,0,0,0,0,0
chicago_2025,pro_men,Joe Vatcher,joe-vatcher,https://www.hyresult.com/athlete/joe-vatcher,unknown,102,15,3805,https://www.hyresult.com/result/LR3MS4JI309A4C,true,4,14,27,3,3,25,15,258,236,167,271,208,242,108,192,310
chicago_2025,pro_men,Travis Owles,travis-owles,https://www.hyresult.com/athlete/travis-owles,unknown,103,16,3806,https://www.hyresult.com/result/LR3MS4JI3095A7,true,4,12,24,2,3,23,18,248,246,184,375,137,253,145,229,234
chicago_2025,pro_men,Ben Woolcock,ben-woolcock,https://www.hyresult.com/athlete/ben-woolcock,35_39,104,17,3806,https://www.hyresult.com/result/LR3MS4JI309A17,true,4,15,26,4,20,27,18,247,250,158,304,202,245,102,216,280
chicago_2025,pro_men,Jess Price-Owen,jess-price-owen,https://www.hyresult.com/athlete/jess-price-owen,30_34,105,39,3808,https://www.hyresult.com/result/LR3MS4JI309BDF,true,3,13,28,3,3,22,17,234,236,220,278,214,257,101,235,287
chicago_2025,pro_men,Michael O'Loughlin,michael-o-loughlin,https://www.hyresult.com/athlete/michael-o-loughlin,25_29,106,29,3811,https://www.hyresult.com/result/LR3MS4JI3095A1,true,4,13,24,2,3,24,17,256,245,150,318,214,245,102,206,336
chicago_2025,pro_men,Janno Nel,janno-nel,https://www.hyresult.com/athlete/janno-nel,unknown,107,17,3812,https://www.hyresult.com/result/LR3MS4JI3095FE,true,4,14,26,3,7,20,19,254,239,155,280,213,237,111,211,302
chicago_2025,pro_men,James Loneragan,james-loneragan,https://www.hyresult.com/athlete/james-loneragan,25_29,108,30,3814,https://www.hyresult.com/result/LR3MS4JI309D28,true,5,14,26,3,3,26,19,262,230,174,297,207,244,104,209,274
chicago_2025,pro_men,Alexander Ratkovich,alexander-ratkovich,https://www.hyresult.com/athlete/alexander-ratkovich,25_29,109,32,3816,https://www.hyresult.com/result/LR3MS4JI309B87,true,4,12,24,3,3,39,20,254,239,265,256,188,244,116,199,279
chicago_2025,pro_men,James George,james-george,https://www.hyresult.com/athlete/james-george,25_29,110,31,3816,https://www.hyresult.com/result/LR3MS4JI309763,true,4,13,25,3,3,25,17,262,238,202,260,195,247,107,257,276
chicago_2025,pro_men,Jesse Bruce,unknown,unknown,40_44,111,6,3817,https://www.hyresult.com/result/LR3MS4JI3093C4,false,0,0,0,0,0,0,0,0,0,0,0,0,0,0,0,0
chicago_2025,pro_men,Michael Philson,michael-philson,https://www.hyresult.com/athlete/michael-philson,25_29,112,33,3818,https://www.hyresult.com/result/LR3MS4JI309E02,true,4,14,26,2,2,23,17,257,236,151,310,195,249,123,228,255
chicago_2025,pro_men,Neil Harrison,neil-harrison,https://www.hyresult.com/athlete/neil-harrison,30_34,113,40,3820,https://www.hyresult.com/result/LR3MS4JI30968B,true,4,14,27,2,2,21,17,242,227,163,244,265,236,77,249,238
chicago_2025,pro_men,Ryan Hogarth,ryan-hogarth,https://www.hyresult.com/athlete/ryan-hogarth,unknown,114,18,3822,https://www.hyresult.com/result/LR3MS4JI3093D6,true,4,13,25,3,3,25,17,270,242,217,242,221,253,90,184,290
chicago_2025,pro_men,Cody Mckellar,cody-mckellar,https://www.hyresult.com/athlete/cody-mckellar,25_29,115,34,3822,https://www.hyresult.com/result/LR3MS4JI309C3B,true,3,13,25,4,2,23,22,247,250,177,261,191,260,120,202,346
chicago_2025,pro_men,Michael O’Donnell,michael-odonnell,https://www.hyresult.com/athlete/michael-odonnell,unknown,116,19,3822,https://www.hyresult.com/result/LR3MS4JI30943A,true,4,13,26,2,3,21,17,265,231,198,272,206,227,154,225,253
chicago_2025,pro_men,Norman Badorrek,norman-badorrek,https://www.hyresult.com/athlete/norman-badorrek,35_39,117,18,3823,https://www.hyresult.com/result/LR3MS4JI309D01,true,4,14,26,3,3,20,18,264,239,148,263,213,245,95,216,341
chicago_2025,pro_men,Paul O'Brien,paul-o-brien,https://www.hyresult.com/athlete/paul-o-brien,40_44,118,7,3823,https://www.hyresult.com/result/LR3MS4JI30941B,true,5,15,30,4,3,23,22,263,228,220,241,210,240,98,212,296
chicago_2025,pro_men,Felix Hahnsch,felix-hahnsch,https://www.hyresult.com/athlete/felix-hahnsch,30_34,119,41,3827,https://www.hyresult.com/result/LR3MS4JI309989,true,4,14,25,2,2,23,15,256,231,220,287,184,257,87,228,273
chicago_2025,pro_men,Ryan Stafford,ryan-stafford,https://www.hyresult.com/athlete/ryan-stafford,30_34,120,42,3827,https://www.hyresult.com/result/LR3MS4JI3096A6,true,4,15,25,3,2,22,16,256,257,217,305,182,253,105,216,235
chicago_2025,pro_men,Tyler Morris,tyler-morris,https://www.hyresult.com/athlete/tyler-morris,35_39,121,19,3829,https://www.hyresult.com/result/LR3MS4JI3094F6,true,5,14,27,3,3,28,18,269,237,141,285,201,246,104,204,270
chicago_2025,pro_men,Maxime Avenel,maxime-avenel,https://www.hyresult.com/athlete/maxime-avenel,30_34,122,43,3831,https://www.hyresult.com/result/LR3MS4JI309874,true,4,14,26,3,3,26,19,256,249,146,277,201,247,105,224,275
chicago_2025,pro_men,William Means,william-means,https://www.hyresult.com/athlete/william-means,25_29,123,35,3832,https://www.hyresult.com/result/LR3MS4JI309C07,true,4,13,26,3,3,20,17,257,247,173,280,226,245,115,200,276
chicago_2025,pro_men,Lorenzo Parodi,lorenzo-parodi,https://www.hyresult.com/athlete/lorenzo-parodi,25_29,124,36,3833,https://www.hyresult.com/result/LR3MS4JI33161A,true,5,14,27,4,3,30,19,261,242,190,265,190,252,87,210,308
chicago_2025,pro_men,Jorg Gurney,jorg-gurney,https://www.hyresult.com/athlete/jorg-gurney,unknown,125,20,3836,https://www.hyresult.com/result/LR3MS4JI309BE9,true,4,12,27,3,2,24,18,266,229,194,351,186,231,89,231,320
chicago_2025,pro_men,Niels Kinget,niels-kinget,https://www.hyresult.com/athlete/niels-kinget,unknown,126,21,3838,https://www.hyresult.com/result/LR3MS4JI309D0F,true,4,13,25,4,3,26,24,264,243,171,244,199,256,129,217,296
chicago_2025,pro_men,Joe Walker,joe-walker,https://www.hyresult.com/athlete/joe-walker,25_29,127,37,3839,https://www.hyresult.com/result/LR3MS4JI3098EC,true,4,14,26,2,3,25,19,265,243,179,309,210,248,110,215,239
chicago_2025,pro_men,Jerimiah Mahan,jerimiah-mahan,https://www.hyresult.com/athlete/jerimiah-mahan,35_39,128,21,3839,https://www.hyresult.com/result/LR3MS4JI309759,true,4,15,26,3,3,24,15,262,241,190,267,206,246,99,223,269
chicago_2025,pro_men,Tom Campbell,tom-campbell,https://www.hyresult.com/athlete/tom-campbell,35_39,129,20,3839,https://www.hyresult.com/result/LR3MS4JI30965B,true,4,14,24,4,2,23,16,239,239,177,327,207,251,112,253,298
chicago_2025,pro_men,Louis Pavis,louis-pavis,https://www.hyresult.com/athlete/louis-pavis,35_39,130,22,3841,https://www.hyresult.com/result/LR3MS4JI30983F,true,4,14,27,2,3,22,17,288,234,134,234,232,226,97,216,255
chicago_2025,pro_men,Julian Kreutzer,julian-kreutzer,https://www.hyresult.com/athlete/julian-kreutzer,25_29,131,38,3842,https://www.hyresult.com/result/LR3MS4JI30969B,true,4,12,25,3,2,26,19,261,237,251,290,222,255,99,223,251
chicago_2025,pro_men,Jude Reynolds,jude-reynolds,https://www.hyresult.com/athlete/jude-reynolds,unknown,132,22,3843,https://www.hyresult.com/result/LR3MS4JI309A7D,true,4,13,25,3,3,30,21,275,228,195,274,232,240,106,231,228
chicago_2025,pro_men,Mark Polzin,mark-polzin,https://www.hyresult.com/athlete/mark-polzin,40_44,133,8,3844,https://www.hyresult.com/result/LR3MS4JI309725,true,4,13,24,2,2,18,17,244,245,242,261,208,249,88,243,322
chicago_2025,pro_men,Kai Oxley,kai-oxley,https://www.hyresult.com/athlete/kai-oxley,unknown,134,23,3844,https://www.hyresult.com/result/LR3MS4JI309586,true,4,15,29,3,3,24,19,272,234,123,258,224,245,102,220,260
chicago_2025,pro_men,Yacine Bennafla,yacine-bennafla,https://www.hyresult.com/athlete/yacine-bennafla,25_29,135,40,3845,https://www.hyresult.com/result/LR3MS4JI309C9A,true,3,13,26,2,3,27,17,247,239,219,313,170,252,86,193,314
chicago_2025,pro_men,Ryan Maguire,ryan-maguire,https://www.hyresult.com/athlete/ryan-maguire,25_29,136,39,3845,https://www.hyresult.com/result/LR3MS4JI3093AA,true,4,14,27,3,3,20,16,286,239,169,243,210,249,104,228,223
chicago_2025,pro_men,Jarrett Newby,jarrett-newby,https://www.hyresult.com/athlete/jarrett-newby,35_39,137,23,3846,https://www.hyresult.com/result/LR3MS4JI309CF6,true,4,12,24,3,2,22,18,248,236,234,306,233,245,85,181,287
chicago_2025,pro_men,Emeric Choisy,emeric-choisy,https://www.hyresult.com/athlete/emeric-choisy,35_39,138,24,3850,https://www.hyresult.com/result/LR3MS4JI309D3E,true,4,14,28,4,3,25,20,269,238,196,297,188,247,103,210,260
chicago_2025,pro_men,Tomasz Greczkowicz,unknown,unknown,35_39,139,25,3851,https://www.hyresult.com/result/LR3MS4JI3099E3,false,0,0,0,0,0,0,0,0,0,0,0,0,0,0,0,0
chicago_2025,pro_men,Adam Sinclair,adam-sinclair,https://www.hyresult.com/athlete/adam-sinclair,25_29,140,41,3851,https://www.hyresult.com/result/LR3MS4JI309CAD,true,4,12,24,2,2,25,21,254,246,172,277,200,250,126,227,332
chicago_2025,pro_men,Michael Mcdougall,michael-mcdougall,https://www.hyresult.com/athlete/michael-mcdougall,30_34,141,44,3852,https://www.hyresult.com/result/LR3MS4JI309BAB,true,4,13,25,2,3,21,18,272,238,146,282,221,246,93,233,312
chicago_2025,pro_men,Stephen Cassells,stephen-cassells,https://www.hyresult.com/athlete/stephen-cassells,30_34,142,45,3852,https://www.hyresult.com/result/LR3MS4JI309A60,true,4,15,29,2,3,29,16,251,229,233,261,227,238,106,287,243
chicago_2025,pro_men,Jack Klopfenstein,jack-klopfenstein,https://www.hyresult.com/athlete/jack-klopfenstein,30_34,143,46,3852,https://www.hyresult.com/result/LR3MS4JI309B5F,true,3,13,25,3,3,21,18,263,234,252,244,195,254,102,174,281
chicago_2025,pro_men,Luke Greer,luke-greer,https://www.hyresult.com/athlete/luke-greer,25_29,144,42,3853,https://www.hyresult.com/result/LR3MS4JI3093EC,true,4,12,21,2,3,25,20,222,238,234,321,204,243,211,219,369
chicago_2025,pro_men,Jack Kelbrick,jack-kelbrick,https://www.hyresult.com/athlete/jack-kelbrick,30_34,145,47,3854,https://www.hyresult.com/result/LR3MS4JI3097AF,true,4,14,25,2,3,23,18,272,244,179,273,196,252,103,206,270
chicago_2025,pro_men,Lukas Wrobel,lukas-wrobel,https://www.hyresult.com/athlete/lukas-wrobel,25_29,146,43,3855,https://www.hyresult.com/result/LR3MS4JI309579,true,4,12,24,4,3,30,18,256,239,179,309,206,255,114,202,334
chicago_2025,pro_men,Kevin Forootan,kevin-forootan,https://www.hyresult.com/athlete/kevin-forootan,30_34,147,48,3855,https://www.hyresult.com/result/LR3MS4JI309424,true,5,14,13,3,2,26,26,254,236,132,306,222,255,109,229,316
chicago_2025,pro_men,Adam De Jong,adam-de-jong,https://www.hyresult.com/athlete/adam-de-jong,35_39,148,26,3856,https://www.hyresult.com/result/LR3MS4JI30982B,true,5,15,30,4,3,28,25,280,240,158,249,193,239,110,221,216
chicago_2025,pro_men,Dirk Schulke,dirk-schulke,https://www.hyresult.com/athlete/dirk-schulke,35_39,149,27,3861,https://www.hyresult.com/result/LR3MS4JI3094FC,true,4,14,26,3,3,27,21,264,247,167,253,194,247,100,235,267
chicago_2025,pro_men,Danny Messing,danny-messing,https://www.hyresult.com/athlete/danny-messing,35_39,150,28,3865,https://www.hyresult.com/result/LR3MS4JI309C92,true,4,15,27,2,3,25,16,279,247,155,284,213,253,98,206,256
chicago_2025,pro_men,Patrick Kelly,unknown,unknown,unknown,151,24,3866,https://www.hyresult.com/result/LR3MS4JI309A2A,false,0,0,0,0,0,0,0,0,0,0,0,0,0,0,0,0
chicago_2025,pro_men,Ben Wright,ben-wright,https://www.hyresult.com/athlete/ben-wright,25_29,152,44,3869,https://www.hyresult.com/result/LR3MS4JI309696,true,4,13,26,4,2,34,20,257,235,220,298,180,255,110,246,283
chicago_2025,pro_men,Alexander Eyre,unknown,unknown,35_39,153,29,3869,https://www.hyresult.com/result/LR3MS4JI3099D5,false,0,0,0,0,0,0,0,0,0,0,0,0,0,0,0,0
chicago_2025,pro_men,Lucas Roberto,lucas-roberto,https://www.hyresult.com/athlete/lucas-roberto,30_34,154,49,3871,https://www.hyresult.com/result/LR3MS4JI3096E0,true,4,15,29,4,5,23,16,276,251,155,301,139,256,93,215,262
chicago_2025,pro_men,Jeremy Saxon,jeremy-saxon,https://www.hyresult.com/athlete/jeremy-saxon,35_39,155,30,3873,https://www.hyresult.com/result/LR3MS4JI3096E1,true,4,14,30,3,3,27,19,262,239,226,272,177,253,108,206,244
chicago_2025,pro_men,Bret Gornik,bret-gornik,https://www.hyresult.com/athlete/bret-gornik,35_39,156,31,3874,https://www.hyresult.com/result/LR3MS4JI3094DC,true,4,13,27,3,2,21,15,258,248,261,323,165,256,116,195,291
chicago_2025,pro_men,John Carlisle,john-carlisle,https://www.hyresult.com/athlete/john-carlisle,25_29,157,45,3875,https://www.hyresult.com/result/LR3MS4JI309F05,true,4,13,25,3,2,27,19,260,236,221,284,203,253,118,244,277
chicago_2025,pro_men,Tobias Kiefer,tobias-kiefer,https://www.hyresult.com/athlete/tobias-kiefer,30_34,158,50,3875,https://www.hyresult.com/result/LR3MS4JI324182,true,4,15,26,3,2,25,19,276,238,179,296,199,252,99,220,254
chicago_2025,pro_men,Pablo Valverde Reyes,pablo-valverde-reyes,https://www.hyresult.com/athlete/pablo-valverde-reyes,30_34,159,51,3879,https://www.hyresult.com/result/LR3MS4JI309B5E,true,3,14,28,3,3,25,18,274,238,249,294,207,258,86,187,272
chicago_2025,pro_men,Josh Henry,josh-henry,https://www.hyresult.com/athlete/josh-henry,30_34,160,52,3879,https://www.hyresult.com/result/LR3MS4JI309318,true,4,14,26,3,3,27,19,269,238,190,268,189,254,114,225,268
chicago_2025,pro_men,Savo Hertig,savo-hertig,https://www.hyresult.com/athlete/savo-hertig,40_44,161,9,3879,https://www.hyresult.com/result/LR3MS4JI3095B6,true,4,14,26,3,4,23,22,253,226,184,256,246,248,90,219,319
chicago_2025,pro_men,Matthew Ashley,matthew-ashley,https://www.hyresult.com/athlete/matthew-ashley,40_44,162,10,3880,https://www.hyresult.com/result/LR3MS4JI309C40,true,4,14,25,3,3,20,20,268,240,143,261,220,252,89,237,303
chicago_2025,pro_men,Fergus Jenkins,unknown,unknown,25_29,163,46,3882,https://www.hyresult.com/result/LR3MS4JI309B07,false,0,0,0,0,0,0,0,0,0,0,0,0,0,0,0,0
chicago_2025,pro_men,Erlandas Sablinskas,erlandas-sablinskas,https://www.hyresult.com/athlete/erlandas-sablinskas,25_29,164,47,3883,https://www.hyresult.com/result/LR3MS4JI309D84,true,4,13,26,16,3,27,22,263,244,213,292,207,256,117,232,273
chicago_2025,pro_men,Ben Fitzmartin,ben-fitzmartin,https://www.hyresult.com/athlete/ben-fitzmartin,30_34,165,53,3883,https://www.hyresult.com/result/LR3MS4JI309C05,true,4,14,25,2,3,19,17,280,234,188,257,171,252,111,245,251
chicago_2025,pro_men,Fabio Portela,fabio-portela,https://www.hyresult.com/athlete/fabio-portela,30_34,166,54,3884,https://www.hyresult.com/result/LR3MS4JI309741,true,5,14,28,2,3,20,17,274,239,219,269,203,241,96,199,254
chicago_2025,pro_men,Fernando Contreras,fernando-contreras,https://www.hyresult.com/athlete/fernando-contreras,35_39,167,32,3884,https://www.hyresult.com/result/LR3MS4JI309D70,true,4,15,27,4,2,24,18,275,243,157,263,216,258,89,205,283
chicago_2025,pro_men,Sandro Luca Lombardi,sandro-luca-lombardi,https://www.hyresult.com/athlete/sandro-luca-lombardi,unknown,168,25,3887,https://www.hyresult.com/result/LR3MS4JI3098AB,true,4,14,26,2,3,22,19,284,240,132,238,179,254,99,237,332
chicago_2025,pro_men,Maciej Wegorzewski,maciej-wegorzewski,https://www.hyresult.com/athlete/maciej-wegorzewski,30_34,169,55,3888,https://www.hyresult.com/result/LR3MS4JI309B19,true,4,15,31,4,2,29,30,294,237,254,263,188,242,94,185,208
chicago_2025,pro_men,Felix Vercouter,felix-vercouter,https://www.hyresult.com/athlete/felix-vercouter,25_29,170,48,3891,https://www.hyresult.com/result/LR3MS4JI3093FE,true,4,14,25,5,3,23,19,271,232,164,289,205,249,126,216,302
chicago_2025,pro_men,Hugo Beck,hugo-beck,https://www.hyresult.com/athlete/hugo-beck,25_29,171,49,3892,https://www.hyresult.com/result/LR3MS4JI3093B4,true,4,14,26,3,3,27,18,253,224,223,288,210,241,110,244,291
chicago_2025,pro_men,Dylan Caruso,dylan-caruso,https://www.hyresult.com/athlete/dylan-caruso,unknown,172,26,3895,https://www.hyresult.com/result/LR3MS4JI309397,true,3,12,29,4,2,25,22,250,233,254,303,240,247,99,274,282
chicago_2025,pro_men,Billy Schilling,billy-schilling,https://www.hyresult.com/athlete/billy-schilling,30_34,173,57,3897,https://www.hyresult.com/result/LR3MS4JI3094FB,true,3,13,25,4,3,25,21,250,238,153,296,186,256,103,253,348
chicago_2025,pro_men,Mark Caruana,mark-caruana,https://www.hyresult.com/athlete/mark-caruana,30_34,174,56,3897,https://www.hyresult.com/result/LR3MS4JI309CC1,true,4,14,27,2,2,20,15,250,225,229,291,214,259,117,232,271
chicago_2025,pro_men,Markus Baumgartner,markus-baumgartner,https://www.hyresult.com/athlete/markus-baumgartner,unknown,175,27,3898,https://www.hyresult.com/result/LR3MS4JI309934,true,4,14,26,2,3,23,19,267,245,153,252,210,257,92,213,355
chicago_2025,pro_men,Matt De'Ath,matt-de-ath,https://www.hyresult.com/athlete/matt-de-ath,45_49,176,1,3904,https://www.hyresult.com/result/LR3MS4JI309405,true,4,15,27,7,3,23,17,266,234,204,238,196,243,101,212,337
chicago_2025,pro_men,German Flores Bulnes,german-flores-bulnes,https://www.hyresult.com/athlete/german-flores-bulnes,25_29,177,50,3905,https://www.hyresult.com/result/LR3MS4JI30988A,true,4,13,26,2,3,23,18,258,230,240,296,163,245,137,229,342
chicago_2025,pro_men,Niko Ferry,niko-ferry,https://www.hyresult.com/athlete/niko-ferry,unknown,178,28,3906,https://www.hyresult.com/result/LR3MS4JI309642,true,4,13,27,2,2,31,21,258,244,159,266,224,255,94,224,273
chicago_2025,pro_men,Kenny Steger,kenny-steger,https://www.hyresult.com/athlete/kenny-steger,25_29,179,51,3907,https://www.hyresult.com/result/LR3MS4JI309674,true,3,13,25,2,11,26,20,262,234,219,234,192,246,103,224,323
chicago_2025,pro_men,David Parkin,david-parkin,https://www.hyresult.com/athlete/david-parkin,35_39,180,33,3908,https://www.hyresult.com/result/LR3MS4JI309DAE,true,4,12,25,2,2,20,16,259,235,227,272,175,246,96,218,429
chicago_2025,pro_men,Kyle Darmanin,kyle-darmanin,https://www.hyresult.com/athlete/kyle-darmanin,30_34,181,58,3910,https://www.hyresult.com/result/LR3MS4JI309A3B,true,4,14,26,2,2,23,18,256,253,251,265,164,263,102,248,276
chicago_2025,pro_men,Robert Livesey,robert-livesey,https://www.hyresult.com/athlete/robert-livesey,unknown,182,29,3912,https://www.hyresult.com/result/LR3MS4JI309659,true,4,14,27,3,3,25,17,270,247,212,241,209,245,110,195,344
chicago_2025,pro_men,Toni Marí Vargas,toni-mari-vargas,https://www.hyresult.com/athlete/toni-mari-vargas,30_34,183,59,3914,https://www.hyresult.com/result/LR3MS4JI309D9E,true,4,13,26,3,3,22,17,268,239,236,286,199,252,92,215,245
chicago_2025,pro_men,José Estrangeiro,jose-estrangeiro,https://www.hyresult.com/athlete/jose-estrangeiro,35_39,184,34,3914,https://www.hyresult.com/result/LR3MS4JI309E63,true,4,13,27,3,2,23,18,276,233,263,314,172,250,86,187,297
chicago_2025,pro_men,Paweł Gramacki,pawel-gramacki,https://www.hyresult.com/athlete/pawel-gramacki,40_44,185,11,3918,https://www.hyresult.com/result/LR3MS4JI309908,true,4,15,29,5,3,23,18,276,223,197,271,222,242,103,205,222
chicago_2025,pro_men,Sean Wilkinson,sean-wilkinson,https://www.hyresult.com/athlete/sean-wilkinson,unknown,186,30,3918,https://www.hyresult.com/result/LR3MS4JI3098C6,true,4,14,30,3,3,26,20,266,251,172,302,223,247,112,263,280
chicago_2025,pro_men,Jordan Reed,jordan-reed,https://www.hyresult.com/athlete/jordan-reed,30_34,187,60,3922,https://www.hyresult.com/result/LR3MS4JI309C93,true,4,15,29,2,3,24,16,261,250,177,277,197,255,110,241,314
chicago_2025,pro_men,Scott Cummins,scott-cummins,https://www.hyresult.com/athlete/scott-cummins,30_34,188,61,3923,https://www.hyresult.com/result/LR3MS4JI309566,true,4,12,25,3,3,19,15,240,243,253,349,218,255,91,217,350
chicago_2025,pro_men,Roger Scholz,roger-scholz,https://www.hyresult.com/athlete/roger-scholz,35_39,189,35,3925,https://www.hyresult.com/result/LR3MS4JI30946D,true,4,15,27,4,3,31,20,265,239,257,282,178,253,93,211,244
chicago_2025,pro_men,Ollie Moore,ollie-moore,https://www.hyresult.com/athlete/ollie-moore,unknown,190,31,3926,https://www.hyresult.com/result/LR3MS4JI3098E8,true,3,14,28,4,4,29,16,265,230,229,280,211,249,103,199,274
chicago_2025,pro_men,Valentín Gamba Dondich,valentin-gamba-dondich,https://www.hyresult.com/athlete/valentin-gamba-dondich,30_34,191,62,3926,https://www.hyresult.com/result/LR3MS4JI309EA2,true,4,13,26,4,3,26,20,256,251,185,397,148,257,92,208,308
chicago_2025,pro_men,Tristan Sargeaunt,tristan-sargeaunt,https://www.hyresult.com/athlete/tristan-sargeaunt,40_44,192,12,3929,https://www.hyresult.com/result/LR3MS4JI309EC0,true,5,14,26,3,3,23,20,266,240,226,268,224,256,95,230,342
chicago_2025,pro_men,James Ives,james-ives,https://www.hyresult.com/athlete/james-ives,25_29,193,52,3932,https://www.hyresult.com/result/LR3MS4JI309A3E,true,4,13,26,3,3,21,18,275,228,207,252,235,232,107,251,317
chicago_2025,pro_men,Andy Sloan,andy-sloan,https://www.hyresult.com/athlete/andy-sloan,35_39,194,36,3932,https://www.hyresult.com/result/LR3MS4JI309D89,true,4,14,25,3,3,25,26,262,237,264,255,192,245,100,212,380
chicago_2025,pro_men,Gary Mcnamara,gary-mcnamara,https://www.hyresult.com/athlete/gary-mcnamara,35_39,195,37,3933,https://www.hyresult.com/result/LR3MS4JI309E95,true,5,14,4,4,3,24,21,242,241,312,321,189,251,103,214,341
chicago_2025,pro_men,Jean Claude Faenza,jean-claude-faenza,https://www.hyresult.com/athlete/jean-claude-faenza,30_34,196,63,3934,https://www.hyresult.com/result/LR3MS4JI30985C,true,4,13,28,2,2,26,14,284,238,196,288,194,256,105,222,266
chicago_2025,pro_men,Levi Moger,levi-moger,https://www.hyresult.com/athlete/levi-moger,unknown,197,32,3935,https://www.hyresult.com/result/LR3MS4JI309EC7,true,4,14,27,4,3,19,20,277,241,212,282,212,247,93,213,253
chicago_2025,pro_men,Danny Uscroft-Mould,danny-uscroft-mould,https://www.hyresult.com/athlete/danny-uscroft-mould,25_29,198,53,3937,https://www.hyresult.com/result/LR3MS4JI309CA0,true,4,14,28,2,3,24,18,282,244,187,225,188,246,107,231,296
chicago_2025,pro_men,Hugo Martinez,hugo-martinez,https://www.hyresult.com/athlete/hugo-martinez,unknown,199,33,3939,https://www.hyresult.com/result/LR3MS4JI3093B0,true,4,16,24,1,2,23,19,242,239,256,370,198,255,133,207,302
chicago_2025,pro_men,Andre Botoulas,andre-botoulas,https://www.hyresult.com/athlete/andre-botoulas,25_29,200,54,3940,https://www.hyresult.com/result/LR3MS4JI3097A2,true,4,13,24,3,2,21,19,250,246,151,330,253,256,121,260,280
chicago_2025,pro_men,Elijah Horton,elijah-horton,https://www.hyresult.com/athlete/elijah-horton,40_44,201,13,3940,https://www.hyresult.com/result/LR3MS4JI30954D,true,5,13,38,4,3,24,19,295,261,162,251,157,264,79,172,268
chicago_2025,pro_men,Lachlan Clancy,lachlan-clancy,https://www.hyresult.com/athlete/lachlan-clancy,30_34,202,64,3941,https://www.hyresult.com/result/LR3MS4JI30995D,true,4,14,28,6,3,25,26,290,237,165,270,215,250,96,254,246
chicago_2025,pro_men,Mark Nieuwenhuis,mark-nieuwenhuis,https://www.hyresult.com/athlete/mark-nieuwenhuis,30_34,203,65,3943,https://www.hyresult.com/result/LR3MS4JI309840,true,4,14,28,4,3,23,17,280,227,191,271,237,248,86,192,251
chicago_2025,pro_men,Rio Quarry,rio-quarry,https://www.hyresult.com/athlete/rio-quarry,unknown,204,34,3943,https://www.hyresult.com/result/LR3MS4JI3096B6,true,4,14,27,3,3,28,21,281,235,238,243,203,244,118,222,269
chicago_2025,pro_men,Daniel Crawford,daniel-crawford,https://www.hyresult.com/athlete/daniel-crawford,25_29,205,55,3944,https://www.hyresult.com/result/LR3MS4JI30941E,true,5,14,27,4,3,22,17,278,228,225,257,210,242,87,242,252
chicago_2025,pro_men,Danny Johnson,danny-johnson,https://www.hyresult.com/athlete/danny-johnson,30_34,206,66,3944,https://www.hyresult.com/result/LR3MS4JI30991C,true,4,14,26,2,2,25,18,262,247,212,344,208,257,100,179,351
chicago_2025,pro_men,Benjamin Rezzonico,benjamin-rezzonico,https://www.hyresult.com/athlete/benjamin-rezzonico,35_39,207,38,3945,https://www.hyresult.com/result/LR3MS4JI309E56,true,4,15,29,2,3,23,21,270,252,182,275,193,263,106,208,302
chicago_2025,pro_men,Tilen Dorninger,tilen-dorninger,https://www.hyresult.com/athlete/tilen-dorninger,unknown,208,35,3946,https://www.hyresult.com/result/LR3MS4JI309D2C,true,4,14,94,3,2,26,27,270,240,196,238,197,248,124,227,275
chicago_2025,pro_men,Lukas Dudziak,lukas-dudziak,https://www.hyresult.com/athlete/lukas-dudziak,25_29,209,56,3947,https://www.hyresult.com/result/LR3MS4JI309D07,true,4,13,25,2,3,26,18,260,236,276,284,200,252,119,207,378
chicago_2025,pro_men,Adrian Dahlin,adrian-dahlin,https://www.hyresult.com/athlete/adrian-dahlin,35_39,210,39,3947,https://www.hyresult.com/result/LR3MS4JI309D47,true,5,15,26,3,4,22,20,251,240,222,278,243,249,93,261,271
chicago_2025,pro_men,Nicholas Cowling,nicholas-cowling,https://www.hyresult.com/athlete/nicholas-cowling,40_44,211,14,3948,https://www.hyresult.com/result/LR3MS4JI3095C9,true,4,15,27,3,3,20,16,281,254,157,304,203,238,91,209,266
chicago_2025,pro_men,Kieran Turner,kieran-turner,https://www.hyresult.com/athlete/kieran-turner,unknown,212,36,3948,https://www.hyresult.com/result/LR3MS4JI309C48,true,5,15,29,4,7,26,31,278,237,146,265,198,256,98,287,261
chicago_2025,pro_men,Michael Flynn,michael-flynn,https://www.hyresult.com/athlete/michael-flynn,35_39,213,40,3950,https://www.hyresult.com/result/LR3MS4JI324195,true,4,12,25,2,2,24,20,249,239,226,290,231,253,116,245,341
chicago_2025,pro_men,Tyler Killpack,tyler-killpack,https://www.hyresult.com/athlete/tyler-killpack,35_39,214,41,3951,https://www.hyresult.com/result/LR3MS4JI309DDB,true,4,14,26,5,3,28,24,258,246,278,296,231,252,109,205,238
chicago_2025,pro_men,Simon Thompson,simon-thompson,https://www.hyresult.com/athlete/simon-thompson,45_49,215,2,3952,https://www.hyresult.com/result/LR3MS4JI309562,true,5,13,25,5,3,23,19,241,235,333,287,204,244,104,241,357
chicago_2025,pro_men,Alessandro Alonzi,alessandro-alonzi,https://www.hyresult.com/athlete/alessandro-alonzi,unknown,216,37,3954,https://www.hyresult.com/result/LR3MS4JI309B23,true,4,14,26,3,3,20,17,273,245,156,301,234,255,120,240,304
chicago_2025,pro_men,Michael Collins,michael-collins,https://www.hyresult.com/athlete/michael-collins,40_44,217,15,3957,https://www.hyresult.com/result/LR3MS4JI309DB1,true,4,14,27,4,2,29,18,262,245,265,314,201,254,105,204,259
chicago_2025,pro_men,Matthew Choi,matthew-choi,https://www.hyresult.com/athlete/matthew-choi,30_34,218,67,3957,https://www.hyresult.com/result/LR3MS4JI331610,true,4,15,28,5,3,24,23,267,246,149,312,230,265,92,235,287
chicago_2025,pro_men,Ben Smith,ben-smith,https://www.hyresult.com/athlete/ben-smith,25_29,219,57,3959,https://www.hyresult.com/result/LR3MS4JI309D23,true,4,14,25,7,2,25,17,281,249,189,350,160,267,162,203,275
chicago_2025,pro_men,Kamil Kuszmider,kamil-kuszmider,https://www.hyresult.com/athlete/kamil-kuszmider,30_34,220,68,3959,https://www.hyresult.com/result/LR3MS4JI3094DE,true,4,14,28,3,2,25,19,278,229,201,246,188,242,129,275,368
chicago_2025,pro_men,Ed Emmett,ed-emmett,https://www.hyresult.com/athlete/ed-emmett,40_44,221,16,3960,https://www.hyresult.com/result/LR3MS4JI309731,true,4,15,27,3,2,20,19,280,235,188,263,196,241,104,245,271
chicago_2025,pro_men,Warren Proctor,warren-proctor,https://www.hyresult.com/athlete/warren-proctor,40_44,222,17,3961,https://www.hyresult.com/result/LR3MS4JI309AC1,true,4,14,27,3,3,24,20,256,248,210,290,231,257,100,220,306
chicago_2025,pro_men,Marius Toborek,marius-toborek,https://www.hyresult.com/athlete/marius-toborek,40_44,223,18,3962,https://www.hyresult.com/result/LR3MS4JI30946A,true,5,14,28,3,3,30,21,278,249,171,295,219,258,93,198,264
chicago_2025,pro_men,Terry Ryan,terry-ryan,https://www.hyresult.com/athlete/terry-ryan,35_39,224,42,3965,https://www.hyresult.com/result/LR3MS4JI309367,true,5,15,30,2,3,22,21,265,252,179,300,185,254,90,236,314
chicago_2025,pro_men,Isaac Bracewell,isaac-bracewell,https://www.hyresult.com/athlete/isaac-bracewell,unknown,225,38,3965,https://www.hyresult.com/result/LR3MS4JI309E92,true,4,15,28,4,3,30,22,273,251,219,278,186,257,88,195,298
chicago_2025,pro_men,Sander Van Rooijen,sander-van-rooijen,https://www.hyresult.com/athlete/sander-van-rooijen,30_34,226,69,3967,https://www.hyresult.com/result/LR3MS4JI3094FE,true,4,15,27,3,3,23,19,246,246,166,298,245,250,94,257,371
chicago_2025,pro_men,Luc van Overdam,luc-van-overdam,https://www.hyresult.com/athlete/luc-van-overdam,25_29,227,58,3970,https://www.hyresult.com/result/LR3MS4JI3093AE,true,4,13,28,3,3,21,17,272,242,172,251,187,256,131,216,382
chicago_2025,pro_men,Neale Lucas-Bull,neale-lucas-bull,https://www.hyresult.com/athlete/neale-lucas-bull,35_39,228,43,3970,https://www.hyresult.com/result/LR3MS4JI309B4E,true,4,15,32,3,3,28,19,283,237,165,277,200,252,109,210,255
chicago_2025,pro_men,Joey Seetsen,joey-seetsen,https://www.hyresult.com/athlete/joey-seetsen,unknown,229,39,3971,https://www.hyresult.com/result/LR3MS4JI3099D6,true,4,14,29,3,3,23,20,276,240,231,300,231,250,94,207,291
chicago_2025,pro_men,Richard Poole,richard-poole,https://www.hyresult.com/athlete/richard-poole,35_39,230,44,3971,https://www.hyresult.com/result/LR3MS4JI30993C,true,4,14,27,3,2,25,18,267,245,187,333,185,250,101,238,270
chicago_2025,pro_men,Alessandro Iacobucci,alessandro-iacobucci,https://www.hyresult.com/athlete/alessandro-iacobucci,30_34,231,70,3974,https://www.hyresult.com/result/LR3MS4JI32415C,true,4,14,25,4,3,29,17,254,254,181,406,157,275,109,197,325
chicago_2025,pro_men,Alexander Morton,alexander-morton,https://www.hyresult.com/athlete/alexander-morton,unknown,232,40,3976,https://www.hyresult.com/result/LR3MS4JI3315F9,true,4,13,25,3,3,27,27,259,246,154,340,223,256,131,199,346
chicago_2025,pro_men,Ash Harrell,ash-harrell,https://www.hyresult.com/athlete/ash-harrell,35_39,233,45,3977,https://www.hyresult.com/result/LR3MS4JI309822,true,3,13,26,3,3,23,18,256,246,282,360,191,256,83,263,321
chicago_2025,pro_men,David Budden,david-budden,https://www.hyresult.com/athlete/david-budden,40_44,234,19,3977,https://www.hyresult.com/result/LR3MS4JI30945B,true,4,15,27,3,3,22,18,285,251,160,254,216,252,97,223,302
chicago_2025,pro_men,Juan Manuel Prieto Santana,juan-manuel-prieto-santana,https://www.hyresult.com/athlete/juan-manuel-prieto-santana,40_44,235,20,3977,https://www.hyresult.com/result/LR3MS4JI30974E,true,5,14,25,5,3,21,29,260,244,178,293,216,253,121,245,292
chicago_2025,pro_men,Wesley Henning,wesley-henning,https://www.hyresult.com/athlete/wesley-henning,30_34,236,71,3978,https://www.hyresult.com/result/LR3MS4JI30994C,true,5,13,27,3,2,27,17,270,237,201,309,229,251,98,246,288
chicago_2025,pro_men,Adam Di Fulvio,adam-di-fulvio,https://www.hyresult.com/athlete/adam-di-fulvio,40_44,237,21,3981,https://www.hyresult.com/result/LR3MS4JI309F2B,true,5,16,27,3,2,22,18,273,233,267,256,214,250,92,216,238
chicago_2025,pro_men,Harry Powell,harry-powell,https://www.hyresult.com/athlete/harry-powell,25_29,238,59,3981,https://www.hyresult.com/result/LR3MS4JI309F04,true,4,12,23,4,2,33,21,235,236,163,329,222,247,165,252,456
chicago_2025,pro_men,Justin Rubin,justin-rubin,https://www.hyresult.com/athlete/justin-rubin,25_29,239,60,3981,https://www.hyresult.com/result/LR3MS4JI30982C,true,4,13,29,4,3,27,25,257,233,188,353,252,265,127,236,270
chicago_2025,pro_men,Jorge González Álvarez,jorge-gonzalez-alvarez,https://www.hyresult.com/athlete/jorge-gonzalez-alvarez,25_29,240,61,3982,https://www.hyresult.com/result/LR3MS4JI309924,true,5,13,25,3,3,29,24,248,254,221,424,214,250,97,215,295
chicago_2025,pro_men,Nick Rocks,nick-rocks,https://www.hyresult.com/athlete/nick-rocks,40_44,241,22,3983,https://www.hyresult.com/result/LR3MS4JI309431,true,4,14,27,2,3,18,22,262,242,174,250,211,253,110,219,360
chicago_2025,pro_men,Zachary Marino,zachary-marino,https://www.hyresult.com/athlete/zachary-marino,30_34,242,72,3985,https://www.hyresult.com/result/LR3MS4JI30936C,true,5,14,29,3,4,23,17,268,244,171,337,209,248,104,233,307
chicago_2025,pro_men,David Aryeetey,david-aryeetey,https://www.hyresult.com/athlete/david-aryeetey,25_29,243,62,3986,https://www.hyresult.com/result/LR3MS4JI30986E,true,4,14,24,3,3,26,23,257,232,241,261,208,244,122,238,359
chicago_2025,pro_men,Curtis Mason,curtis-mason,https://www.hyresult.com/athlete/curtis-mason,25_29,244,63,3986,https://www.hyresult.com/result/LR3MS4JI30974C,true,3,13,27,3,2,33,18,268,233,171,278,164,249,119,275,328
chicago_2025,pro_men,Scott Highlands,scott-highlands,https://www.hyresult.com/athlete/scott-highlands,35_39,245,46,3987,https://www.hyresult.com/result/LR3MS4JI309540,true,4,13,26,4,3,22,21,256,254,229,303,175,258,128,231,321
chicago_2025,pro_men,Brant Broussard,brant-broussard,https://www.hyresult.com/athlete/brant-broussard,25_29,246,64,3987,https://www.hyresult.com/result/LR3MS4JI309AD6,true,4,15,31,4,3,30,21,273,243,255,273,210,249,97,229,252
chicago_2025,pro_men,Stephen Lynch,stephen-lynch,https://www.hyresult.com/athlete/stephen-lynch,35_39,247,48,3992,https://www.hyresult.com/result/LR3MS4JI309E7A,true,5,15,34,4,3,31,25,271,243,210,260,183,249,93,230,333
chicago_2025,pro_men,Darren Ritchie,darren-ritchie,https://www.hyresult.com/athlete/darren-ritchie,35_39,248,47,3992,https://www.hyresult.com/result/LR3MS4JI309BCB,true,4,13,27,2,3,21,19,262,236,208,302,238,249,102,216,292
chicago_2025,pro_men,Lars Rademaker,lars-rademaker,https://www.hyresult.com/athlete/lars-rademaker,30_34,249,73,3994,https://www.hyresult.com/result/LR3MS4JI309E75,true,5,13,25,3,3,24,20,259,244,219,331,243,248,109,246,332
chicago_2025,pro_men,Tom Andrews,tom-andrews,https://www.hyresult.com/athlete/tom-andrews,35_39,250,49,3994,https://www.hyresult.com/result/LR3MS4JI309875,true,4,14,24,3,3,23,22,275,240,177,272,247,256,103,249,337
chicago_2025,pro_men,Dan Corrin,dan-corrin,https://www.hyresult.com/athlete/dan-corrin,30_34,251,74,3998,https://www.hyresult.com/result/LR3MS4JI3096E7,true,4,14,26,2,3,25,20,250,234,216,302,242,258,97,236,370
chicago_2025,pro_men,Dennis Soelle,dennis-soelle,https://www.hyresult.com/athlete/dennis-soelle,35_39,252,50,3999,https://www.hyresult.com/result/LR3MS4JI30942E,true,4,14,31,3,3,27,20,301,230,311,214,189,248,91,207,265
chicago_2025,pro_men,Aiden Martin,aiden-martin,https://www.hyresult.com/athlete/aiden-martin,unknown,253,41,4002,https://www.hyresult.com/result/LR3MS4JI309821,true,4,13,26,2,3,25,23,268,233,249,292,192,245,156,268,309
chicago_2025,pro_men,Marc Thomas,marc-thomas,https://www.hyresult.com/athlete/marc-thomas,35_39,254,51,4002,https://www.hyresult.com/result/LR3MS4JI3093D1,true,4,14,27,4,3,28,20,266,251,194,270,217,267,97,235,299
chicago_2025,pro_men,Danny Samuels,danny-samuels,https://www.hyresult.com/athlete/danny-samuels,30_34,255,75,4004,https://www.hyresult.com/result/LR3MS4JI30979E,true,5,14,28,4,2,25,18,268,235,148,276,220,246,102,219,433
chicago_2025,pro_men,Dimitry Martins,dimitry-martins,https://www.hyresult.com/athlete/dimitry-martins,25_29,256,65,4004,https://www.hyresult.com/result/LR3MS4JI3099DE,true,4,14,29,3,3,26,20,257,244,237,311,225,261,120,243,410
chicago_2025,pro_men,Mike Neville,mike-neville,https://www.hyresult.com/athlete/mike-neville,35_39,257,52,4006,https://www.hyresult.com/result/LR3MS4JI309B0C,true,5,14,30,2,3,26,20,286,248,202,322,194,256,91,234,241
chicago_2025,pro_men,Dan Deacon,unknown,unknown,40_44,258,23,4009,https://www.hyresult.com/result/LR3MS4JI309EC1,false,0,0,0,0,0,0,0,0,0,0,0,0,0,0,0,0
chicago_2025,pro_men,Cyrus Barghchi,cyrus-barghchi,https://www.hyresult.com/athlete/cyrus-barghchi,30_34,259,76,4009,https://www.hyresult.com/result/LR3MS4JI309E78,true,4,13,27,3,17,25,20,277,230,247,276,215,254,109,228,286
chicago_2025,pro_men,Connor Higgins,connor-higgins,https://www.hyresult.com/athlete/connor-higgins,25_29,260,66,4010,https://www.hyresult.com/result/LR3MS4JI3096B5,true,4,12,26,4,3,20,36,250,243,276,273,259,248,114,234,371
chicago_2025,pro_men,Giovanni Benzon,giovanni-benzon,https://www.hyresult.com/athlete/giovanni-benzon,unknown,261,42,4011,https://www.hyresult.com/result/LR3MS4JI3098F0,true,5,14,9,3,3,25,19,243,236,343,348,245,251,89,239,274
chicago_2025,pro_men,Al Walkington,al-walkington,https://www.hyresult.com/athlete/al-walkington,35_39,262,53,4011,https://www.hyresult.com/result/LR3MS4JI3097BE,true,4,12,27,2,3,25,24,291,240,152,267,220,265,101,250,255
chicago_2025,pro_men,Jocelyn Pacewicz,jocelyn-pacewicz,https://www.hyresult.com/athlete/jocelyn-pacewicz,unknown,263,43,4015,https://www.hyresult.com/result/LR3MS4JI3096FF,true,4,14,29,3,3,32,18,297,236,193,258,201,254,105,194,264
chicago_2025,pro_men,Travis Brown,travis-brown,https://www.hyresult.com/athlete/travis-brown,25_29,264,67,4015,https://www.hyresult.com/result/LR3MS4JI3098FF,true,4,13,26,2,3,21,23,270,247,205,316,213,256,131,223,329
chicago_2025,pro_men,James Mackrell,james-mackrell,https://www.hyresult.com/athlete/james-mackrell,35_39,265,54,4015,https://www.hyresult.com/result/LR3MS4JI309E5E,true,4,15,26,4,3,31,23,272,245,186,292,223,253,122,261,290
chicago_2025,pro_men,Kyle Stewart,kyle-stewart,https://www.hyresult.com/athlete/kyle-stewart,35_39,266,55,4017,https://www.hyresult.com/result/LR3MS4JI3098C5,true,4,14,28,2,3,25,20,277,240,172,305,193,255,93,236,348
chicago_2025,pro_men,Connor Magill,connor-magill,https://www.hyresult.com/athlete/connor-magill,40_44,267,24,4018,https://www.hyresult.com/result/LR3MS4JI3095FA,true,4,14,25,2,2,20,19,278,241,146,261,225,253,103,240,427
chicago_2025,pro_men,Esteban Montemayor,esteban-montemayor,https://www.hyresult.com/athlete/esteban-montemayor,35_39,268,56,4018,https://www.hyresult.com/result/LR3MS4JI309ECC,true,5,14,26,3,3,23,19,281,232,173,250,230,249,95,269,319
chicago_2025,pro_men,Seanàn Mccolgan,seanan-mccolgan,https://www.hyresult.com/athlete/seanan-mccolgan,30_34,269,77,4020,https://www.hyresult.com/result/LR3MS4JI309AE8,true,4,13,26,2,3,23,16,274,238,222,285,205,255,110,252,322
chicago_2025,pro_men,Darragh O'Keeffe,darragh-o-keeffe,https://www.hyresult.com/athlete/darragh-o-keeffe,unknown,270,44,4026,https://www.hyresult.com/result/LR3MS4JI309398,true,4,14,25,3,2,22,22,258,240,210,285,274,255,94,227,373
chicago_2025,pro_men,Guy Portlock,guy-portlock,https://www.hyresult.com/athlete/guy-portlock,50_54,271,1,4027,https://www.hyresult.com/result/LR3MS4JI309B98,true,4,15,26,3,3,22,18,265,245,232,320,177,254,100,250,301
chicago_2025,pro_men,Jack Waymark,jack-waymark,https://www.hyresult.com/athlete/jack-waymark,25_29,272,68,4027,https://www.hyresult.com/result/LR3MS4JI30931A,true,5,15,26,3,3,31,22,270,247,219,300,244,248,155,225,280
chicago_2025,pro_men,Edward Clementson,edward-clementson,https://www.hyresult.com/athlete/edward-clementson,35_39,273,57,4034,https://www.hyresult.com/result/LR3MS4JI3093FC,true,4,13,31,7,3,25,23,258,243,195,294,207,256,107,221,375
chicago_2025,pro_men,Sheldon Valjalo,sheldon-valjalo,https://www.hyresult.com/athlete/sheldon-valjalo,30_34,274,78,4034,https://www.hyresult.com/result/LR3MS4JI309E96,true,3,14,26,2,39,23,16,250,237,269,316,239,247,112,258,314
chicago_2025,pro_men,Fabian Acuna,fabian-acuna,https://www.hyresult.com/athlete/fabian-acuna,30_34,275,79,4035,https://www.hyresult.com/result/LR3MS4JI309C72,true,4,15,30,4,3,21,20,285,236,218,336,204,249,116,241,284
chicago_2025,pro_men,Rik Beugel,rik-beugel,https://www.hyresult.com/athlete/rik-beugel,unknown,276,45,4035,https://www.hyresult.com/result/LR3MS4JI309DC0,true,4,14,30,4,2,23,20,269,252,226,336,216,258,125,229,293
chicago_2025,pro_men,Joshua Henry,joshua-henry,https://www.hyresult.com/athlete/joshua-henry,25_29,277,69,4036,https://www.hyresult.com/result/LR3MS4JI309E77,true,4,14,27,2,4,28,20,284,226,244,309,200,264,103,206,309
chicago_2025,pro_men,Harry Bird,harry-bird,https://www.hyresult.com/athlete/harry-bird,25_29,278,70,4038,https://www.hyresult.com/result/LR3MS4JI309A49,true,5,14,27,11,2,30,22,273,245,232,318,160,259,144,213,292
chicago_2025,pro_men,Lucas Dalglish,lucas-dalglish,https://www.hyresult.com/athlete/lucas-dalglish,40_44,279,25,4040,https://www.hyresult.com/result/LR3MS4JI309406,true,4,15,26,4,3,20,16,272,241,227,309,218,249,84,218,311
chicago_2025,pro_men,Olai Johannessen,olai-johannessen,https://www.hyresult.com/athlete/olai-johannessen,30_34,280,80,4040,https://www.hyresult.com/result/LR3MS4JI309B43,true,4,15,27,5,3,24,20,281,235,251,271,203,243,99,236,329
chicago_2025,pro_men,Emmanuel Lamothe,emmanuel-lamothe,https://www.hyresult.com/athlete/emmanuel-lamothe,25_29,281,71,4041,https://www.hyresult.com/result/LR3MS4JI309978,true,3,12,26,6,3,28,18,251,241,256,358,208,262,127,208,307
chicago_2025,pro_men,José Antonio Henarejos Orenes,jose-antonio-henarejos-orenes,https://www.hyresult.com/athlete/jose-antonio-henarejos-orenes,40_44,282,26,4044,https://www.hyresult.com/result/LR3MS4JI309CB9,true,5,15,27,2,2,22,20,277,248,232,283,234,253,106,234,276
chicago_2025,pro_men,Sam West,sam-west,https://www.hyresult.com/athlete/sam-west,35_39,283,58,4045,https://www.hyresult.com/result/LR3MS4JI309D1A,true,4,14,27,3,3,25,19,278,241,182,289,232,254,119,243,331
chicago_2025,pro_men,Luke Penny,luke-penny,https://www.hyresult.com/athlete/luke-penny,25_29,284,72,4048,https://www.hyresult.com/result/LR3MS4JI309600,true,3,13,28,3,2,25,19,264,252,246,329,194,277,124,252,305
chicago_2025,pro_men,Freddie Cree,freddie-cree,https://www.hyresult.com/athlete/freddie-cree,unknown,285,46,4050,https://www.hyresult.com/result/LR3MS4JI309531,true,4,14,26,4,2,31,24,285,246,193,277,206,252,176,234,293
chicago_2025,pro_men,Carlos Zatarain Casillas,unknown,unknown,35_39,286,59,4054,https://www.hyresult.com/result/LR3MS4JI309889,false,0,0,0,0,0,0,0,0,0,0,0,0,0,0,0,0
chicago_2025,pro_men,Arthur Marquet,arthur-marquet,https://www.hyresult.com/athlete/arthur-marquet,unknown,287,47,4055,https://www.hyresult.com/result/LR3MS4JI309339,true,4,14,27,4,3,24,20,282,227,238,340,229,243,122,232,277
chicago_2025,pro_men,Leon Manders,leon-manders,https://www.hyresult.com/athlete/leon-manders,35_39,288,60,4055,https://www.hyresult.com/result/LR3MS4JI30946B,true,5,15,28,4,4,26,20,277,239,201,262,223,246,112,225,276
chicago_2025,pro_men,Christopher Vonhof,christopher-vonhof,https://www.hyresult.com/athlete/christopher-vonhof,unknown,289,48,4056,https://www.hyresult.com/result/LR3MS4JI309DDC,true,4,16,34,4,3,26,19,311,236,159,264,202,248,89,196,253
chicago_2025,pro_men,Sean Mccarthy,sean-mccarthy,https://www.hyresult.com/athlete/sean-mccarthy,unknown,290,49,4057,https://www.hyresult.com/result/LR3MS4JI309CBC,true,4,13,25,3,32,29,22,250,241,176,365,188,253,160,270,352
chicago_2025,pro_men,Jackson Harding,jackson-harding,https://www.hyresult.com/athlete/jackson-harding,25_29,291,73,4057,https://www.hyresult.com/result/LR3MS4JI309F4E,true,4,14,27,3,3,22,20,269,247,274,301,186,259,106,238,340
chicago_2025,pro_men,Tiarnan O’Neill,tiarnan-oneill,https://www.hyresult.com/athlete/tiarnan-oneill,unknown,292,50,4058,https://www.hyresult.com/result/LR3MS4JI324146,true,5,11,28,3,3,24,18,268,257,165,415,205,246,116,196,303
chicago_2025,pro_men,Enrique Dubut,enrique-dubut,https://www.hyresult.com/athlete/enrique-dubut,35_39,293,61,4058,https://www.hyresult.com/result/LR3MS4JI3099EE,true,4,15,26,4,2,26,22,276,243,184,344,222,259,107,239,312
chicago_2025,pro_men,Ryan Murray,ryan-murray,https://www.hyresult.com/athlete/ryan-murray,25_29,294,74,4059,https://www.hyresult.com/result/LR3MS4JI309DBF,true,4,14,28,2,3,30,25,276,237,156,290,210,252,101,229,366
chicago_2025,pro_men,Sebastian Lobo,sebastian-lobo,https://www.hyresult.com/athlete/sebastian-lobo,30_34,295,82,4061,https://www.hyresult.com/result/LR3MS4JI309599,true,4,14,30,3,3,28,20,277,244,161,342,221,258,102,209,310
chicago_2025,pro_men,John Fitzgerald,john-fitzgerald,https://www.hyresult.com/athlete/john-fitzgerald,30_34,296,81,4061,https://www.hyresult.com/result/LR3MS4JI309666,true,4,14,26,2,26,23,17,269,257,160,311,281,270,88,232,320
chicago_2025,pro_men,Will Atkinson,will-atkinson,https://www.hyresult.com/athlete/will-atkinson,25_29,297,75,4061,https://www.hyresult.com/result/LR3MS4JI30985D,true,4,13,23,3,2,23,16,253,235,224,322,254,247,160,267,360
chicago_2025,pro_men,Corentin Regis,corentin-regis,https://www.hyresult.com/athlete/corentin-regis,25_29,298,76,4062,https://www.hyresult.com/result/LR3MS4JI3093FA,true,4,14,25,3,3,22,19,259,251,235,314,235,256,123,255,383
chicago_2025,pro_men,Michel Labeur,michel-labeur,https://www.hyresult.com/athlete/michel-labeur,35_39,299,62,4065,https://www.hyresult.com/result/LR3MS4JI3094B2,true,5,15,27,4,3,24,19,371,249,183,263,220,257,104,238,336
chicago_2025,pro_men,Romain Clot,romain-clot,https://www.hyresult.com/athlete/romain-clot,35_39,300,63,4066,https://www.hyresult.com/result/LR3MS4JI309D6F,true,4,14,30,4,2,28,19,267,249,177,296,240,251,104,249,356
chicago_2025,pro_men,Anthony Oliver,anthony-oliver,https://www.hyresult.com/athlete/anthony-oliver,35_39,301,64,4067,https://www.hyresult.com/result/LR3MS4JI309A68,true,5,14,26,4,4,28,22,269,242,185,332,234,256,102,243,312
chicago_2025,pro_men,Reuben Copley,reuben-copley,https://www.hyresult.com/athlete/reuben-copley,unknown,302,51,4068,https://www.hyresult.com/result/LR3MS4JI30989F,true,3,12,27,3,2,27,23,273,235,215,334,233,237,134,261,423
chicago_2025,pro_men,Thomas Knight,thomas-knight,https://www.hyresult.com/athlete/thomas-knight,40_44,303,27,4068,https://www.hyresult.com/result/LR3MS4JI3094EB,true,4,15,27,4,6,28,18,271,247,159,344,261,254,111,240,277
chicago_2025,pro_men,Dan Plews,dan-plews,https://www.hyresult.com/athlete/dan-plews,40_44,304,28,4069,https://www.hyresult.com/result/LR3MS4JI309607,true,4,13,22,2,3,25,23,257,231,275,286,239,252,115,240,467
chicago_2025,pro_men,Daniel Casado Serra,daniel-casado-serra,https://www.hyresult.com/athlete/daniel-casado-serra,25_29,305,77,4069,https://www.hyresult.com/result/LR3MS4JI30983A,true,4,14,28,4,3,25,20,272,231,163,319,258,246,170,222,305
chicago_2025,pro_men,Tiago Costa,tiago-costa,https://www.hyresult.com/athlete/tiago-costa,30_34,306,83,4071,https://www.hyresult.com/result/LR3MS4JI309A22,true,4,13,29,3,27,25,35,272,242,218,294,196,255,117,229,293
chicago_2025,pro_men,Tom Broadway,tom-broadway,https://www.hyresult.com/athlete/tom-broadway,40_44,307,29,4072,https://www.hyresult.com/result/LR3MS4JI309407,true,4,14,27,2,3,25,21,286,241,240,336,207,241,79,209,346
chicago_2025,pro_men,Isaac Eustance,isaac-eustance,https://www.hyresult.com/athlete/isaac-eustance,unknown,308,52,4075,https://www.hyresult.com/result/LR3MS4JI3094F9,true,5,15,27,3,3,27,21,286,244,238,256,221,259,108,222,305
chicago_2025,pro_men,Patrick Schreiner,patrick-schreiner,https://www.hyresult.com/athlete/patrick-schreiner,35_39,309,65,4077,https://www.hyresult.com/result/LR3MS4JI3315EC,true,4,13,27,4,3,25,22,272,247,273,330,246,262,86,240,292
chicago_2025,pro_men,David Balsgaard,david-balsgaard,https://www.hyresult.com/athlete/david-balsgaard,40_44,310,30,4080,https://www.hyresult.com/result/LR3MS4JI309A2F,true,5,15,30,4,3,20,31,296,249,160,243,223,253,111,251,301
chicago_2025,pro_men,Michael Curcio,michael-curcio,https://www.hyresult.com/athlete/michael-curcio,30_34,311,84,4082,https://www.hyresult.com/result/LR3MS4JI309DE5,true,5,14,28,3,2,22,18,274,240,235,314,191,249,98,235,331
chicago_2025,pro_men,Richard Kennedy,richard-kennedy,https://www.hyresult.com/athlete/richard-kennedy,45_49,312,3,4083,https://www.hyresult.com/result/LR3MS4JI3095C8,true,4,15,28,3,3,18,18,270,246,237,338,252,258,94,227,294
chicago_2025,pro_men,Fin Dearsly,fin-dearsly,https://www.hyresult.com/athlete/fin-dearsly,unknown,313,54,4084,https://www.hyresult.com/result/LR3MS4JI309E29,true,5,14,26,2,2,36,22,279,253,223,279,172,260,139,247,366
chicago_2025,pro_men,Cem Ter Burg,cem-ter-burg,https://www.hyresult.com/athlete/cem-ter-burg,unknown,314,53,4084,https://www.hyresult.com/result/LR3MS4JI309456,true,4,12,24,2,2,22,19,357,238,222,251,190,246,132,445,248
chicago_2025,pro_men,Jac Smith,jac-smith,https://www.hyresult.com/athlete/jac-smith,25_29,315,78,4085,https://www.hyresult.com/result/LR3MS4JI309E19,true,4,16,28,19,3,26,20,249,250,219,356,222,259,135,237,378
chicago_2025,pro_men,Daniel Robinson,daniel-robinson,https://www.hyresult.com/athlete/daniel-robinson,40_44,316,31,4085,https://www.hyresult.com/result/LR3MS4JI309B3F,true,5,15,28,3,2,25,20,279,240,225,281,212,238,91,294,303
chicago_2025,pro_men,Loïc Humblot,loic-humblot,https://www.hyresult.com/athlete/loic-humblot,30_34,317,85,4086,https://www.hyresult.com/result/LR3MS4JI3099F6,true,4,14,26,3,3,26,21,282,236,196,337,215,250,98,242,352
chicago_2025,pro_men,Tate Cowley,tate-cowley,https://www.hyresult.com/athlete/tate-cowley,30_34,318,86,4087,https://www.hyresult.com/result/LR3MS4JI3096F7,true,4,14,34,4,3,28,20,288,252,203,295,216,262,98,236,305
chicago_2025,pro_men,James Price,james-price,https://www.hyresult.com/athlete/james-price,35_39,319,66,4089,https://www.hyresult.com/result/LR3MS4JI309565,true,4,15,28,3,3,25,18,267,238,217,285,252,250,106,248,387
chicago_2025,pro_men,Tyler Rorrer,tyler-rorrer,https://www.hyresult.com/athlete/tyler-rorrer,30_34,320,87,4090,https://www.hyresult.com/result/LR3MS4JI3094F4,true,4,14,26,4,2,25,26,267,242,173,319,274,255,123,230,386
chicago_2025,pro_men,Magnus Eschment,magnus-eschment,https://www.hyresult.com/athlete/magnus-eschment,25_29,321,79,4091,https://www.hyresult.com/result/LR3MS4JI309BF2,true,4,15,28,4,2,34,25,261,246,221,324,210,264,93,263,338
chicago_2025,pro_men,James Loughray,james-loughray,https://www.hyresult.com/athlete/james-loughray,25_29,322,80,4093,https://www.hyresult.com/result/LR3MS4JI309993,true,5,14,26,2,3,47,32,286,232,180,272,203,252,143,270,277
chicago_2025,pro_men,Victor Manuel De La Cruz Ramirez,unknown,unknown,35_39,323,67,4094,https://www.hyresult.com/result/LR3MS4JI309DFF,false,0,0,0,0,0,0,0,0,0,0,0,0,0,0,0,0
chicago_2025,pro_men,Jon Worcester,unknown,unknown,40_44,324,32,4094,https://www.hyresult.com/result/LR3MS4JI3098C3,false,0,0,0,0,0,0,0,0,0,0,0,0,0,0,0,0
chicago_2025,pro_men,Jon Walkington,unknown,unknown,40_44,325,33,4096,https://www.hyresult.com/result/LR3MS4JI309AE0,false,0,0,0,0,0,0,0,0,0,0,0,0,0,0,0,0
chicago_2025,pro_men,Stephen Carter,stephen-carter,https://www.hyresult.com/athlete/stephen-carter,25_29,326,81,4096,https://www.hyresult.com/result/LR3MS4JI309CC3,true,4,14,27,3,2,28,24,266,250,222,346,213,270,120,266,311
chicago_2025,pro_men,Anthony Jagielo,anthony-jagielo,https://www.hyresult.com/athlete/anthony-jagielo,30_34,327,88,4097,https://www.hyresult.com/result/LR3MS4JI309B82,true,4,14,29,3,3,24,19,265,238,222,294,237,253,113,249,344
chicago_2025,pro_men,Ian Berry,ian-berry,https://www.hyresult.com/athlete/ian-berry,40_44,328,34,4100,https://www.hyresult.com/result/LR3MS4JI30990E,true,4,15,28,3,2,25,27,277,254,161,304,208,265,119,265,317
chicago_2025,pro_men,Dogan Karako Geyindiren,dogan-karako-geyindiren,https://www.hyresult.com/athlete/dogan-karako-geyindiren,35_39,329,68,4100,https://www.hyresult.com/result/LR3MS4JI309F45,true,4,14,27,5,3,32,24,282,241,173,280,237,255,109,258,305
chicago_2025,pro_men,Raphaël Connes,raphael-connes,https://www.hyresult.com/athlete/raphael-connes,35_39,330,69,4102,https://www.hyresult.com/result/LR3MS4JI309B55,true,5,14,24,3,2,26,19,246,247,175,481,249,250,91,243,336
chicago_2025,pro_men,Evan Marion,evan-marion,https://www.hyresult.com/athlete/evan-marion,unknown,331,55,4103,https://www.hyresult.com/result/LR3MS4JI309812,true,4,13,26,2,3,23,18,262,238,247,320,243,255,122,208,382
chicago_2025,pro_men,Daniel Redondo Muñoz,daniel-redondo-munoz,https://www.hyresult.com/athlete/daniel-redondo-munoz,30_34,332,89,4103,https://www.hyresult.com/result/LR3MS4JI309C0E,true,4,14,27,4,3,24,22,268,255,186,377,197,270,128,232,306
chicago_2025,pro_men,Rune Dallmann,rune-dallmann,https://www.hyresult.com/athlete/rune-dallmann,35_39,333,70,4104,https://www.hyresult.com/result/LR3MS4JI309AF6,true,4,14,26,3,3,23,18,282,237,269,306,187,251,101,246,393
chicago_2025,pro_men,Roger Marti Vargas,roger-marti-vargas,https://www.hyresult.com/athlete/roger-marti-vargas,25_29,334,82,4105,https://www.hyresult.com/result/LR3MS4JI309D33,true,4,14,26,4,3,25,21,282,246,183,302,275,258,135,229,301
chicago_2025,pro_men,Chris Moulam-Jones,chris-moulam-jones,https://www.hyresult.com/athlete/chris-moulam-jones,25_29,335,83,4106,https://www.hyresult.com/result/LR3MS4JI309EDD,true,4,13,25,3,3,25,18,251,255,225,357,206,265,168,283,365
chicago_2025,pro_men,Olivier Jouve,olivier-jouve,https://www.hyresult.com/athlete/olivier-jouve,30_34,336,90,4107,https://www.hyresult.com/result/LR3MS4JI309A69,true,4,13,26,3,3,24,18,268,234,243,369,214,242,100,216,408
chicago_2025,pro_men,Steve Powell,steve-powell,https://www.hyresult.com/athlete/steve-powell,35_39,337,71,4108,https://www.hyresult.com/result/LR3MS4JI30991B,true,4,14,27,5,2,25,19,290,248,193,299,168,269,103,255,301
chicago_2025,pro_men,Shaun Galea,shaun-galea,https://www.hyresult.com/athlete/shaun-galea,25_29,338,84,4110,https://www.hyresult.com/result/LR3MS4JI309639,true,4,13,25,21,3,25,24,261,232,206,334,235,255,153,258,344
chicago_2025,pro_men,Chad Coleman,unknown,unknown,45_49,339,4,4110,https://www.hyresult.com/result/LR3MS4JI309758,false,0,0,0,0,0,0,0,0,0,0,0,0,0,0,0,0
chicago_2025,pro_men,Cedric Vincent,cedric-vincent,https://www.hyresult.com/athlete/cedric-vincent,25_29,340,85,4111,https://www.hyresult.com/result/LR3MS4JI309DE0,true,5,14,26,3,3,26,18,270,245,258,331,204,261,120,239,327
chicago_2025,pro_men,Mike Schifferle,mike-schifferle,https://www.hyresult.com/athlete/mike-schifferle,50_54,341,2,4111,https://www.hyresult.com/result/LR3MS4JI3093C7,true,5,14,28,3,2,23,27,250,243,268,294,235,258,108,224,479
chicago_2025,pro_men,Milton Davison,milton-davison,https://www.hyresult.com/athlete/milton-davison,40_44,342,35,4115,https://www.hyresult.com/result/LR3MS4JI3094DB,true,4,15,28,2,3,26,21,275,249,244,354,203,257,118,250,297
chicago_2025,pro_men,Alexander Golik,alexander-golik,https://www.hyresult.com/athlete/alexander-golik,unknown,343,56,4116,https://www.hyresult.com/result/LR3MS4JI309945,true,4,14,29,3,3,32,23,293,240,170,312,208,259,120,277,305
chicago_2025,pro_men,Adrien Leroux,adrien-leroux,https://www.hyresult.com/athlete/adrien-leroux,unknown,344,57,4117,https://www.hyresult.com/result/LR3MS4JI309AEF,true,4,14,25,2,4,28,24,276,235,296,303,190,247,137,272,324
chicago_2025,pro_men,Pablo Calero,pablo-calero,https://www.hyresult.com/athlete/pablo-calero,35_39,345,72,4118,https://www.hyresult.com/result/LR3MS4JI3315D9,true,4,14,27,3,3,26,25,252,259,198,340,229,267,115,268,361
chicago_2025,pro_men,Daniel Sorenson,daniel-sorenson,https://www.hyresult.com/athlete/daniel-sorenson,35_39,346,74,4125,https://www.hyresult.com/result/LR3MS4JI309E86,true,4,12,26,3,3,31,21,255,254,183,355,258,267,104,259,414
chicago_2025,pro_men,J�r�my Ouanna,jrmy-ouanna,https://www.hyresult.com/athlete/jrmy-ouanna,40_44,347,36,4125,https://www.hyresult.com/result/LR3MS4JI309AF0,true,4,14,25,4,6,27,21,263,235,277,313,244,256,99,251,349
chicago_2025,pro_men,Romain Serveaux,romain-serveaux,https://www.hyresult.com/athlete/romain-serveaux,35_39,348,73,4125,https://www.hyresult.com/result/LR3MS4JI3093CB,true,4,13,24,3,4,26,20,250,243,308,368,240,254,90,260,399
chicago_2025,pro_men,Alex Cannarozzo,alex-cannarozzo,https://www.hyresult.com/athlete/alex-cannarozzo,unknown,349,58,4127,https://www.hyresult.com/result/LR3MS4JI309E48,true,4,15,27,3,4,31,24,290,250,168,284,217,257,132,248,318
chicago_2025,pro_men,Noa Fivel,noa-fivel,https://www.hyresult.com/athlete/noa-fivel,25_29,350,86,4129,https://www.hyresult.com/result/LR3MS4JI3096F2,true,4,15,30,4,3,29,23,289,237,190,345,204,252,147,205,282
chicago_2025,pro_men,Chris Jarvis,chris-jarvis,https://www.hyresult.com/athlete/chris-jarvis,unknown,351,59,4129,https://www.hyresult.com/result/LR3MS4JI3098FB,true,3,14,27,4,2,23,19,282,239,198,310,255,246,92,260,294
chicago_2025,pro_men,Sam Thomason,sam-thomason,https://www.hyresult.com/athlete/sam-thomason,40_44,352,37,4130,https://www.hyresult.com/result/LR3MS4JI30990F,true,3,14,27,3,2,20,17,263,245,260,302,218,256,97,263,316
chicago_2025,pro_men,Patrick Joel,patrick-joel,https://www.hyresult.com/athlete/patrick-joel,30_34,353,91,4130,https://www.hyresult.com/result/LR3MS4JI30964E,true,4,13,26,3,3,27,21,269,242,153,376,227,266,98,284,308
chicago_2025,pro_men,Luca Maselli,unknown,unknown,35_39,354,75,4130,https://www.hyresult.com/result/LR3MS4JI30992F,false,0,0,0,0,0,0,0,0,0,0,0,0,0,0,0,0
chicago_2025,pro_men,Jonathan Glen,jonathan-glen,https://www.hyresult.com/athlete/jonathan-glen,25_29,355,87,4133,https://www.hyresult.com/result/LR3MS4JI309974,true,4,13,23,2,4,26,21,255,253,174,542,173,254,209,228,317
chicago_2025,pro_men,Karim Hegazy,karim-hegazy,https://www.hyresult.com/athlete/karim-hegazy,35_39,356,76,4133,https://www.hyresult.com/result/LR3MS4JI309472,true,4,14,27,4,3,25,21,272,249,258,308,191,266,110,220,375
chicago_2025,pro_men,Mariusz Muniak,mariusz-muniak,https://www.hyresult.com/athlete/mariusz-muniak,25_29,357,88,4135,https://www.hyresult.com/result/LR3MS4JI309432,true,4,16,30,3,4,29,21,296,248,145,248,235,260,119,193,301
chicago_2025,pro_men,William Guillaume,william-guillaume,https://www.hyresult.com/athlete/william-guillaume,35_39,358,77,4138,https://www.hyresult.com/result/LR3MS4JI309A94,true,3,14,28,3,3,30,21,283,245,202,311,209,260,134,255,317
chicago_2025,pro_men,Callum Li,callum-li,https://www.hyresult.com/athlete/callum-li,25_29,359,89,4139,https://www.hyresult.com/result/LR3MS4JI309614,true,5,13,28,3,3,25,22,287,237,297,255,240,253,99,231,312
chicago_2025,pro_men,Jordan Bulpitt,jordan-bulpitt,https://www.hyresult.com/athlete/jordan-bulpitt,25_29,360,90,4140,https://www.hyresult.com/result/LR3MS4JI3094AD,true,4,15,26,4,3,28,20,302,233,222,240,212,257,125,217,354
chicago_2025,pro_men,Jacques Hladkyj,unknown,unknown,unknown,361,60,4141,https://www.hyresult.com/result/LR3MS4JI309C5E,false,0,0,0,0,0,0,0,0,0,0,0,0,0,0,0,0
chicago_2025,pro_men,Jochen Binder,jochen-binder,https://www.hyresult.com/athlete/jochen-binder,45_49,362,5,4143,https://www.hyresult.com/result/LR3MS4JI3093DC,true,5,15,30,3,3,21,18,299,237,207,292,211,257,96,194,356
chicago_2025,pro_men,Patrick Madaj,unknown,unknown,35_39,363,78,4145,https://www.hyresult.com/result/LR3MS4JI309495,false,0,0,0,0,0,0,0,0,0,0,0,0,0,0,0,0
chicago_2025,pro_men,Mustapha Belcora,mustapha-belcora,https://www.hyresult.com/athlete/mustapha-belcora,25_29,364,91,4147,https://www.hyresult.com/result/LR3MS4JI30936D,true,4,14,25,3,3,25,19,260,241,349,338,172,262,144,254,313
chicago_2025,pro_men,Giuseppe Merlino,giuseppe-merlino,https://www.hyresult.com/athlete/giuseppe-merlino,30_34,365,92,4147,https://www.hyresult.com/result/LR3MS4JI30975A,true,4,14,32,4,3,26,25,261,252,263,346,185,271,133,258,324
chicago_2025,pro_men,Michael Hopkins,michael-hopkins,https://www.hyresult.com/athlete/michael-hopkins,25_29,366,92,4148,https://www.hyresult.com/result/LR3MS4JI32415D,true,4,13,26,2,27,24,22,275,241,253,301,241,262,108,242,327
chicago_2025,pro_men,Martin Real,martin-real,https://www.hyresult.com/athlete/martin-real,45_49,367,6,4149,https://www.hyresult.com/result/LR3MS4JI3094D2,true,4,16,32,5,2,26,22,287,249,162,318,240,253,118,237,295
chicago_2025,pro_men,志康 盛,zhi-kang-sheng,https://www.hyresult.com/athlete/zhi-kang-sheng,30_34,368,93,4150,https://www.hyresult.com/result/LR3MS4JI309E16,true,4,15,29,5,2,32,21,252,263,264,406,239,256,96,221,327
chicago_2025,pro_men,Phil O'Halloran,phil-o-halloran,https://www.hyresult.com/athlete/phil-o-halloran,40_44,369,38,4151,https://www.hyresult.com/result/LR3MS4JI309C9C,true,4,14,25,2,3,24,19,267,254,215,304,219,256,130,267,367
chicago_2025,pro_men,Michael Hartman,michael-hartman,https://www.hyresult.com/athlete/michael-hartman,35_39,370,79,4151,https://www.hyresult.com/result/LR3MS4JI331629,true,4,16,26,4,3,28,24,277,250,168,387,192,262,90,251,345
chicago_2025,pro_men,Grant Bain,grant-bain,https://www.hyresult.com/athlete/grant-bain,30_34,371,95,4151,https://www.hyresult.com/result/LR3MS4JI30935D,true,4,15,28,2,4,20,18,284,242,267,296,207,258,95,227,313
chicago_2025,pro_men,Zane Elliman,zane-elliman,https://www.hyresult.com/athlete/zane-elliman,30_34,372,94,4151,https://www.hyresult.com/result/LR3MS4JI30952C,true,4,15,33,3,2,26,16,294,233,165,313,227,256,111,260,303
chicago_2025,pro_men,Chris Owen,chris-owen,https://www.hyresult.com/athlete/chris-owen,unknown,373,61,4152,https://www.hyresult.com/result/LR3MS4JI309BE3,true,4,15,29,3,3,28,23,281,241,240,274,205,271,119,250,347
chicago_2025,pro_men,Sergio Daniel Roncancio Castro,sergio-daniel-roncancio-castro,https://www.hyresult.com/athlete/sergio-daniel-roncancio-castro,25_29,374,93,4153,https://www.hyresult.com/result/LR3MS4JI3094B0,true,4,16,30,5,2,31,29,286,254,203,323,191,255,128,232,335
chicago_2025,pro_men,Álvaro Denis Vivar Becerra,alvaro-denis-vivar-becerra,https://www.hyresult.com/athlete/alvaro-denis-vivar-becerra,unknown,375,62,4154,https://www.hyresult.com/result/LR3MS4JI309348,true,4,13,28,3,2,24,21,267,230,232,356,205,266,145,237,349
chicago_2025,pro_men,Nick Brown,nick-brown,https://www.hyresult.com/athlete/nick-brown,unknown,376,63,4156,https://www.hyresult.com/result/LR3MS4JI3093F2,true,4,15,31,4,3,31,23,302,240,152,278,232,246,95,230,263
chicago_2025,pro_men,Graeme Slater,graeme-slater,https://www.hyresult.com/athlete/graeme-slater,45_49,377,7,4156,https://www.hyresult.com/result/LR3MS4JI309535,true,4,15,27,3,3,23,20,286,244,230,352,235,256,98,257,299
chicago_2025,pro_men,John Arvidsson,john-arvidsson,https://www.hyresult.com/athlete/john-arvidsson,30_34,378,96,4157,https://www.hyresult.com/result/LR3MS4JI309D31,true,5,14,28,4,3,34,22,284,245,244,329,239,271,95,249,252
chicago_2025,pro_men,Caio Assayag,unknown,unknown,35_39,379,80,4160,https://www.hyresult.com/result/LR3MS4JI309BEC,false,0,0,0,0,0,0,0,0,0,0,0,0,0,0,0,0
chicago_2025,pro_men,Hidde Van Der Ent,hidde-van-der-ent,https://www.hyresult.com/athlete/hidde-van-der-ent,unknown,380,64,4161,https://www.hyresult.com/result/LR3MS4JI32417D,true,4,14,27,4,3,33,22,279,236,185,358,224,255,107,258,351
chicago_2025,pro_men,Hugo Joud,hugo-joud,https://www.hyresult.com/athlete/hugo-joud,30_34,381,97,4162,https://www.hyresult.com/result/LR3MS4JI309D05,true,4,14,27,3,4,25,18,296,249,211,349,243,272,109,203,290
chicago_2025,pro_men,Steven Knops,unknown,unknown,35_39,382,81,4163,https://www.hyresult.com/result/LR3MS4JI3097F0,false,0,0,0,0,0,0,0,0,0,0,0,0,0,0,0,0
chicago_2025,pro_men,Mike Flynn,mike-flynn,https://www.hyresult.com/athlete/mike-flynn,25_29,383,94,4163,https://www.hyresult.com/result/LR3MS4JI30941D,true,6,14,30,4,3,29,19,263,241,233,331,210,247,96,223,295
chicago_2025,pro_men,Killian Coleman,killian-coleman,https://www.hyresult.com/athlete/killian-coleman,30_34,384,98,4163,https://www.hyresult.com/result/LR3MS4JI331621,true,4,14,27,4,3,25,17,289,253,195,302,221,246,92,275,349
chicago_2025,pro_men,Simon Passmore,simon-passmore,https://www.hyresult.com/athlete/simon-passmore,50_54,385,3,4164,https://www.hyresult.com/result/LR3MS4JI309935,true,4,14,27,2,2,18,21,280,253,189,334,220,258,110,217,383
chicago_2025,pro_men,Clemens Reinhardt,clemens-reinhardt,https://www.hyresult.com/athlete/clemens-reinhardt,30_34,386,99,4165,https://www.hyresult.com/result/LR3MS4JI309EEE,true,5,13,28,4,3,23,21,264,241,299,326,263,247,116,230,270
chicago_2025,pro_men,Sam Van Der Poel,sam-van-der-poel,https://www.hyresult.com/athlete/sam-van-der-poel,unknown,387,65,4165,https://www.hyresult.com/result/LR3MS4JI3099D4,true,4,13,25,3,3,23,17,258,241,144,326,294,257,193,232,375
chicago_2025,pro_men,Matthew Ferguson,unknown,unknown,40_44,388,39,4165,https://www.hyresult.com/result/LR3MS4JI309D26,false,0,0,0,0,0,0,0,0,0,0,0,0,0,0,0,0
chicago_2025,pro_men,Nick Mclaughlin,nick-mclaughlin,https://www.hyresult.com/athlete/nick-mclaughlin,35_39,389,82,4166,https://www.hyresult.com/result/LR3MS4JI309335,true,4,15,27,4,6,28,22,264,240,275,336,214,246,107,246,321
chicago_2025,pro_men,Shane Fiore-Murarenko,shane-fiore-murarenko,https://www.hyresult.com/athlete/shane-fiore-murarenko,45_49,390,8,4168,https://www.hyresult.com/result/LR3MS4JI309DC9,true,4,14,27,3,3,21,18,281,235,218,278,255,253,96,234,402
chicago_2025,pro_men,Steven Beattie,steven-beattie,https://www.hyresult.com/athlete/steven-beattie,30_34,391,100,4170,https://www.hyresult.com/result/LR3MS4JI309626,true,4,13,24,2,3,31,23,257,252,176,482,235,258,139,253,370
chicago_2025,pro_men,Nico Krackl,nico-krackl,https://www.hyresult.com/athlete/nico-krackl,35_39,392,83,4172,https://www.hyresult.com/result/LR3MS4JI3099CD,true,4,14,25,3,3,23,17,268,239,183,285,263,250,100,235,514
chicago_2025,pro_men,Dylan Conway,dylan-conway,https://www.hyresult.com/athlete/dylan-conway,30_34,393,101,4172,https://www.hyresult.com/result/LR3MS4JI32413E,true,5,16,30,4,3,27,19,280,244,243,272,240,256,107,259,286
chicago_2025,pro_men,Toby Wilson,toby-wilson,https://www.hyresult.com/athlete/toby-wilson,unknown,394,66,4173,https://www.hyresult.com/result/LR3MS4JI3097E0,true,4,14,26,2,4,33,19,286,253,327,259,211,259,160,234,349
chicago_2025,pro_men,Quinten Ross,quinten-ross,https://www.hyresult.com/athlete/quinten-ross,30_34,395,102,4173,https://www.hyresult.com/result/LR3MS4JI309881,true,4,13,26,4,3,21,19,279,246,259,323,248,258,113,279,291
chicago_2025,pro_men,Berthel Jakobsen,berthel-jakobsen,https://www.hyresult.com/athlete/berthel-jakobsen,unknown,396,68,4174,https://www.hyresult.com/result/LR3MS4JI3094AE,true,4,14,29,3,3,34,24,254,249,228,398,253,259,146,227,312
chicago_2025,pro_men,Aaron Austin,aaron-austin,https://www.hyresult.com/athlete/aaron-austin,unknown,397,67,4174,https://www.hyresult.com/result/LR3MS4JI3315E6,true,4,14,25,4,3,31,30,300,257,181,323,216,265,135,239,388
chicago_2025,pro_men,Charles Sibille,charles-sibille,https://www.hyresult.com/athlete/charles-sibille,35_39,398,84,4177,https://www.hyresult.com/result/LR3MS4JI309C58,true,4,14,29,4,2,31,25,258,245,269,327,248,266,91,271,340
chicago_2025,pro_men,Nathan Gardner,nathan-gardner,https://www.hyresult.com/athlete/nathan-gardner,unknown,399,69,4177,https://www.hyresult.com/result/LR3MS4JI3094D3,true,4,13,25,3,3,27,22,260,241,226,311,283,260,158,271,357
chicago_2025,pro_men,Nick Burton,nick-burton,https://www.hyresult.com/athlete/nick-burton,35_39,400,85,4179,https://www.hyresult.com/result/LR3MS4JI309356,true,4,14,26,3,3,26,24,253,253,363,357,250,261,100,274,320
chicago_2025,pro_men,Robert Lindsay,robert-lindsay,https://www.hyresult.com/athlete/robert-lindsay,50_54,401,4,4180,https://www.hyresult.com/result/LR3MS4JI309EF5,true,5,16,32,2,3,24,19,286,256,154,270,244,260,124,266,326
chicago_2025,pro_men,Ewan Applewhite,ewan-applewhite,https://www.hyresult.com/athlete/ewan-applewhite,unknown,402,70,4184,https://www.hyresult.com/result/LR3MS4JI309745,true,4,13,27,2,3,33,25,286,250,219,341,246,267,108,241,278
chicago_2025,pro_men,Bradley Wilkie,bradley-wilkie,https://www.hyresult.com/athlete/bradley-wilkie,unknown,403,71,4185,https://www.hyresult.com/result/LR3MS4JI30967B,true,4,13,27,2,2,26,18,259,259,257,303,202,268,206,266,345
chicago_2025,pro_men,Alex Valentin,alex-valentin,https://www.hyresult.com/athlete/alex-valentin,30_34,404,103,4185,https://www.hyresult.com/result/LR3MS4JI309577,true,4,12,28,4,3,26,21,254,239,247,345,247,263,146,252,418
chicago_2025,pro_men,Hélder Pinheiro,helder-pinheiro,https://www.hyresult.com/athlete/helder-pinheiro,45_49,405,9,4188,https://www.hyresult.com/result/LR3MS4JI3099DC,true,4,15,28,4,3,27,21,273,249,212,340,226,254,103,251,333
chicago_2025,pro_men,Jack Brownie,jack-brownie,https://www.hyresult.com/athlete/jack-brownie,25_29,406,95,4189,https://www.hyresult.com/result/LR3MS4JI309865,true,5,15,29,3,3,26,23,276,273,174,276,225,270,149,249,386
chicago_2025,pro_men,Ryan Sippel,ryan-sippel,https://www.hyresult.com/athlete/ryan-sippel,30_34,407,104,4190,https://www.hyresult.com/result/LR3MS4JI309B17,true,4,14,28,3,3,22,20,260,225,232,398,252,252,110,263,398
chicago_2025,pro_men,Daniel Barker,daniel-barker,https://www.hyresult.com/athlete/daniel-barker,40_44,408,40,4191,https://www.hyresult.com/result/LR3MS4JI309BC9,true,4,14,27,4,3,26,21,288,240,322,259,221,266,111,203,343
chicago_2025,pro_men,Zac Chennit,zac-chennit,https://www.hyresult.com/athlete/zac-chennit,45_49,409,10,4193,https://www.hyresult.com/result/LR3MS4JI309DCC,true,4,21,29,2,3,21,21,279,245,257,293,198,256,106,202,400
chicago_2025,pro_men,Matt Bechtold,unknown,unknown,40_44,410,41,4193,https://www.hyresult.com/result/LR3MS4JI309B33,false,0,0,0,0,0,0,0,0,0,0,0,0,0,0,0,0
chicago_2025,pro_men,Adam Foster,adam-foster,https://www.hyresult.com/athlete/adam-foster,40_44,411,42,4194,https://www.hyresult.com/result/LR3MS4JI3098B7,true,4,14,26,3,3,23,20,282,249,282,317,252,265,92,220,329
chicago_2025,pro_men,Ryan Eloff,ryan-eloff,https://www.hyresult.com/athlete/ryan-eloff,25_29,412,96,4195,https://www.hyresult.com/result/LR3MS4JI309771,true,4,14,31,2,2,24,20,302,249,172,329,250,264,113,225,299
chicago_2025,pro_men,Gioele Patroni,gioele-patroni,https://www.hyresult.com/athlete/gioele-patroni,25_29,413,97,4196,https://www.hyresult.com/result/LR3MS4JI30998B,true,4,13,26,5,3,34,24,255,240,218,409,240,257,141,274,321
chicago_2025,pro_men,Thomas Delattre,thomas-delattre,https://www.hyresult.com/athlete/thomas-delattre,30_34,414,105,4196,https://www.hyresult.com/result/LR3MS4JI3094CC,true,4,13,27,3,3,35,25,286,242,183,295,210,262,110,244,241
chicago_2025,pro_men,Josh Mckenna,josh-mckenna,https://www.hyresult.com/athlete/josh-mckenna,25_29,415,98,4197,https://www.hyresult.com/result/LR3MS4JI324171,true,4,15,29,4,3,32,23,251,237,267,375,204,252,166,230,377
chicago_2025,pro_men,Vince Çakular,vince-cakular,https://www.hyresult.com/athlete/vince-cakular,unknown,416,72,4198,https://www.hyresult.com/result/LR3MS4JI309D10,true,4,15,26,23,3,32,28,307,248,165,311,242,262,134,232,275
chicago_2025,pro_men,Peter Edgar,peter-edgar,https://www.hyresult.com/athlete/peter-edgar,35_39,417,86,4198,https://www.hyresult.com/result/LR3MS4JI309355,true,4,14,26,3,18,20,16,277,252,268,302,261,271,95,231,345
chicago_2025,pro_men,Carlo Gatti,carlo-gatti,https://www.hyresult.com/athlete/carlo-gatti,50_54,418,5,4201,https://www.hyresult.com/result/LR3MS4JI3093EA,true,4,15,28,2,2,28,21,292,239,181,288,213,250,104,236,380
chicago_2025,pro_men,Geonho Jin,geonho-jin,https://www.hyresult.com/athlete/geonho-jin,unknown,419,73,4202,https://www.hyresult.com/result/LR3MS4JI30944E,true,4,13,26,3,12,23,26,261,255,320,392,194,269,144,220,354
chicago_2025,pro_men,Mike Moa Hughes,mike-moa-hughes,https://www.hyresult.com/athlete/mike-moa-hughes,35_39,420,87,4202,https://www.hyresult.com/result/LR3MS4JI3093BA,true,4,14,31,2,3,26,22,297,236,312,304,177,263,98,244,251
chicago_2025,pro_men,Richard Smerin,richard-smerin,https://www.hyresult.com/athlete/richard-smerin,40_44,421,43,4202,https://www.hyresult.com/result/LR3MS4JI309D52,true,4,14,28,4,3,24,20,292,247,202,288,223,263,117,265,329
chicago_2025,pro_men,Michaël Pires Canto,michael-pires-canto,https://www.hyresult.com/athlete/michael-pires-canto,30_34,422,106,4203,https://www.hyresult.com/result/LR3MS4JI309D3F,true,5,15,29,3,3,28,21,290,243,153,306,265,250,93,222,396
chicago_2025,pro_men,John Dean,john-dean,https://www.hyresult.com/athlete/john-dean,45_49,423,11,4204,https://www.hyresult.com/result/LR3MS4JI309EFB,true,4,27,28,2,3,19,20,273,246,282,294,214,256,132,213,361
chicago_2025,pro_men,Ollie Jones,ollie-jones,https://www.hyresult.com/athlete/ollie-jones,unknown,424,74,4206,https://www.hyresult.com/result/LR3MS4JI331619,true,4,14,24,3,3,21,20,269,225,302,346,223,246,137,240,429
chicago_2025,pro_men,Vadym Kalyuzhnyy,vadym-kalyuzhnyy,https://www.hyresult.com/athlete/vadym-kalyuzhnyy,25_29,425,99,4207,https://www.hyresult.com/result/LR3MS4JI309E79,true,5,14,28,3,12,22,19,292,238,248,345,216,257,142,230,266
chicago_2025,pro_men,Michael Fecik,michael-fecik,https://www.hyresult.com/athlete/michael-fecik,40_44,426,44,4208,https://www.hyresult.com/result/LR3MS4JI30956F,true,4,13,25,3,3,22,19,267,244,294,300,276,250,111,280,317
chicago_2025,pro_men,Mike Hernández E,mike-hernandez-e,https://www.hyresult.com/athlete/mike-hernandez-e,30_34,427,107,4209,https://www.hyresult.com/result/LR3MS4JI3097FD,true,4,13,25,3,3,25,16,244,234,201,254,220,233,335,244,526
chicago_2025,pro_men,Ivo Ivanov,ivo-ivanov,https://www.hyresult.com/athlete/ivo-ivanov,25_29,428,100,4210,https://www.hyresult.com/result/LR3MS4JI309838,true,5,14,29,6,7,29,20,292,239,190,274,257,250,113,238,352
chicago_2025,pro_men,Mike Rietveld,mike-rietveld,https://www.hyresult.com/athlete/mike-rietveld,25_29,429,101,4212,https://www.hyresult.com/result/LR3MS4JI309B3C,true,4,14,26,11,3,27,20,284,252,165,340,245,267,137,221,352
chicago_2025,pro_men,Brandon Mcguinness,brandon-mcguinness,https://www.hyresult.com/athlete/brandon-mcguinness,unknown,430,75,4214,https://www.hyresult.com/result/LR3MS4JI30969C,true,4,14,26,4,3,21,24,294,247,175,294,230,263,141,270,342
chicago_2025,pro_men,Boris San Martin,boris-san-martin,https://www.hyresult.com/athlete/boris-san-martin,unknown,431,76,4218,https://www.hyresult.com/result/LR3MS4JI3097D4,true,4,16,29,3,3,27,18,303,248,230,303,211,258,127,218,274
chicago_2025,pro_men,Richard Lomas,richard-lomas,https://www.hyresult.com/athlete/richard-lomas,40_44,432,45,4219,https://www.hyresult.com/result/LR3MS4JI309C81,true,4,14,25,3,5,22,19,281,253,174,322,231,261,123,204,405
chicago_2025,pro_men,Rolf Jager,unknown,unknown,25_29,433,102,4219,https://www.hyresult.com/result/LR3MS4JI309715,false,0,0,0,0,0,0,0,0,0,0,0,0,0,0,0,0
chicago_2025,pro_men,Jack Campbell,jack-campbell,https://www.hyresult.com/athlete/jack-campbell,unknown,434,77,4220,https://www.hyresult.com/result/LR3MS4JI309E13,true,4,14,26,3,3,28,24,264,243,184,369,272,253,127,295,362
chicago_2025,pro_men,Jules Lowther,jules-lowther,https://www.hyresult.com/athlete/jules-lowther,30_34,435,108,4220,https://www.hyresult.com/result/LR3MS4JI30993D,true,5,14,27,5,4,23,20,264,254,211,398,231,266,133,280,314
chicago_2025,pro_men,Kenny Caceros,kenny-caceros,https://www.hyresult.com/athlete/kenny-caceros,35_39,436,88,4222,https://www.hyresult.com/result/LR3MS4JI309AED,true,4,15,28,5,2,34,27,299,251,173,338,249,266,106,251,339
chicago_2025,pro_men,Nick Downey,nick-downey,https://www.hyresult.com/athlete/nick-downey,45_49,437,12,4224,https://www.hyresult.com/result/LR3MS4JI309493,true,3,16,28,3,3,22,20,275,230,192,334,292,261,88,258,344
chicago_2025,pro_men,Thorsten Dürr,thorsten-duerr,https://www.hyresult.com/athlete/thorsten-duerr,40_44,438,46,4224,https://www.hyresult.com/result/LR3MS4JI309E9F,true,5,15,27,3,3,24,21,269,245,298,296,245,260,104,234,375
chicago_2025,pro_men,Cody Bunworth,cody-bunworth,https://www.hyresult.com/athlete/cody-bunworth,unknown,439,78,4224,https://www.hyresult.com/result/LR3MS4JI309837,true,4,13,26,6,2,30,28,247,244,221,408,255,269,139,293,396
chicago_2025,pro_men,Lewis Overend,unknown,unknown,35_39,440,89,4226,https://www.hyresult.com/result/LR3MS4JI309E97,false,0,0,0,0,0,0,0,0,0,0,0,0,0,0,0,0
chicago_2025,pro_men,Eric Hinman,eric-hinman,https://www.hyresult.com/athlete/eric-hinman,40_44,441,47,4226,https://www.hyresult.com/result/LR3MS4JI30954B,true,4,15,28,3,5,30,26,292,244,293,338,186,260,115,238,275
chicago_2025,pro_men,Oli Watson,oli-watson,https://www.hyresult.com/athlete/oli-watson,unknown,442,79,4228,https://www.hyresult.com/result/LR3MS4JI309555,true,4,15,27,3,3,26,18,276,236,251,293,249,250,133,252,363
chicago_2025,pro_men,Vincent Martinet,vincent-martinet,https://www.hyresult.com/athlete/vincent-martinet,35_39,443,90,4229,https://www.hyresult.com/result/LR3MS4JI331633,true,4,15,15,3,2,29,22,295,252,156,300,274,257,147,267,327
chicago_2025,pro_men,Steven Mcinally,unknown,unknown,35_39,444,91,4229,https://www.hyresult.com/result/LR3MS4JI309416,false,0,0,0,0,0,0,0,0,0,0,0,0,0,0,0,0
chicago_2025,pro_men,James Travers,unknown,unknown,40_44,445,48,4232,https://www.hyresult.com/result/LR3MS4JI309B9A,false,0,0,0,0,0,0,0,0,0,0,0,0,0,0,0,0
chicago_2025,pro_men,Charlie Morris,charlie-morris,https://www.hyresult.com/athlete/charlie-morris,unknown,446,80,4237,https://www.hyresult.com/result/LR3MS4JI324172,true,4,13,24,2,2,27,14,272,265,186,406,229,258,136,263,471
chicago_2025,pro_men,Gabriel Lichtenstein,gabriel-lichtenstein,https://www.hyresult.com/athlete/gabriel-lichtenstein,30_34,447,109,4237,https://www.hyresult.com/result/LR3MS4JI309CE6,true,5,13,28,7,2,25,17,282,247,234,368,247,252,98,255,317
chicago_2025,pro_men,Bruce Ronaldson,bruce-ronaldson,https://www.hyresult.com/athlete/bruce-ronaldson,35_39,448,92,4237,https://www.hyresult.com/result/LR3MS4JI30939E,true,5,14,27,4,3,27,22,274,243,155,370,248,256,103,310,418
chicago_2025,pro_men,Daniel Keane,unknown,unknown,25_29,449,103,4237,https://www.hyresult.com/result/LR3MS4JI309AF2,false,0,0,0,0,0,0,0,0,0,0,0,0,0,0,0,0
chicago_2025,pro_men,Yoann Peyrinaud,yoann-peyrinaud,https://www.hyresult.com/athlete/yoann-peyrinaud,40_44,450,49,4239,https://www.hyresult.com/result/LR3MS4JI30939A,true,4,16,29,3,3,27,25,264,250,270,347,198,267,113,280,366
chicago_2025,pro_men,John Hammond,john-hammond,https://www.hyresult.com/athlete/john-hammond,45_49,451,13,4240,https://www.hyresult.com/result/LR3MS4JI309D4B,true,4,16,28,5,3,27,21,265,244,285,314,226,260,123,274,397
chicago_2025,pro_men,Vegard Strand,vegard-strand,https://www.hyresult.com/athlete/vegard-strand,30_34,452,110,4241,https://www.hyresult.com/result/LR3MS4JI309744,true,4,13,26,2,3,22,16,258,247,312,348,249,271,97,218,411
chicago_2025,pro_men,Dean Battersby,dean-battersby,https://www.hyresult.com/athlete/dean-battersby,30_34,453,111,4244,https://www.hyresult.com/result/LR3MS4JI309505,true,5,15,28,4,3,33,22,274,250,240,341,285,256,126,265,291
chicago_2025,pro_men,Andrew Siegelin,andrew-siegelin,https://www.hyresult.com/athlete/andrew-siegelin,unknown,454,81,4247,https://www.hyresult.com/result/LR3MS4JI30971B,true,4,15,31,3,3,27,24,325,254,176,302,202,276,97,220,279
chicago_2025,pro_men,Frazer Neate,unknown,unknown,30_34,455,112,4247,https://www.hyresult.com/result/LR3MS4JI309377,false,0,0,0,0,0,0,0,0,0,0,0,0,0,0,0,0
chicago_2025,pro_men,Spencer Fereday,unknown,unknown,50_54,456,6,4247,https://www.hyresult.com/result/LR3MS4JI309A81,false,0,0,0,0,0,0,0,0,0,0,0,0,0,0,0,0
chicago_2025,pro_men,Bjarne Rogall,bjarne-rogall,https://www.hyresult.com/athlete/bjarne-rogall,35_39,457,93,4248,https://www.hyresult.com/result/LR3MS4JI3099F9,true,5,15,27,3,3,28,18,293,249,208,293,250,267,124,249,324
chicago_2025,pro_men,Van Kelley,van-kelley,https://www.hyresult.com/athlete/van-kelley,30_34,458,113,4249,https://www.hyresult.com/result/LR3MS4JI30980B,true,4,15,29,4,3,29,20,290,280,198,325,189,298,143,220,309
chicago_2025,pro_men,Sebastien Laurent,sebastien-laurent,https://www.hyresult.com/athlete/sebastien-laurent,40_44,459,50,4249,https://www.hyresult.com/result/LR3MS4JI309573,true,4,13,24,5,3,32,23,236,255,277,382,274,277,105,267,405
chicago_2025,pro_men,Tom Murphy,tom-murphy,https://www.hyresult.com/athlete/tom-murphy,unknown,460,82,4250,https://www.hyresult.com/result/LR3MS4JI309EA3,true,4,14,27,4,3,31,21,277,241,177,370,247,262,145,243,402
chicago_2025,pro_men,Dylan Mouzakki,dylan-mouzakki,https://www.hyresult.com/athlete/dylan-mouzakki,30_34,461,114,4250,https://www.hyresult.com/result/LR3MS4JI309DE6,true,4,16,31,2,3,26,17,275,251,195,391,208,272,105,250,480
chicago_2025,pro_men,Alex Fotiadis,alex-fotiadis,https://www.hyresult.com/athlete/alex-fotiadis,unknown,462,83,4251,https://www.hyresult.com/result/LR3MS4JI309E59,true,4,15,28,3,4,26,20,305,238,146,319,235,249,109,253,392
chicago_2025,pro_men,Quentin Nantois,quentin-nantois,https://www.hyresult.com/athlete/quentin-nantois,35_39,463,94,4252,https://www.hyresult.com/result/LR3MS4JI309748,true,4,15,32,3,3,27,21,286,245,259,310,230,259,104,252,353
chicago_2025,pro_men,Ben Singer,ben-singer,https://www.hyresult.com/athlete/ben-singer,unknown,464,85,4253,https://www.hyresult.com/result/LR3MS4JI309342,true,5,14,29,3,3,31,30,308,244,158,297,228,261,106,221,292
chicago_2025,pro_men,Titouan Crouseilles,titouan-crouseilles,https://www.hyresult.com/athlete/titouan-crouseilles,unknown,465,84,4253,https://www.hyresult.com/result/LR3MS4JI3099ED,true,4,14,26,4,3,29,30,290,235,168,344,247,253,149,272,298
chicago_2025,pro_men,Jordi Fuhler,jordi-fuhler,https://www.hyresult.com/athlete/jordi-fuhler,25_29,466,104,4253,https://www.hyresult.com/result/LR3MS4JI32415F,true,4,14,28,3,3,24,20,286,250,237,306,195,271,131,201,434
chicago_2025,pro_men,Thomas Magner,thomas-magner,https://www.hyresult.com/athlete/thomas-magner,unknown,467,86,4255,https://www.hyresult.com/result/LR3MS4JI30931C,true,3,14,35,5,3,46,27,263,245,235,423,267,253,132,211,367
chicago_2025,pro_men,Christian Scherf Islas,christian-scherf-islas,https://www.hyresult.com/athlete/christian-scherf-islas,35_39,468,95,4255,https://www.hyresult.com/result/LR3MS4JI309411,true,4,14,27,3,3,26,24,276,252,179,406,233,266,106,272,349
chicago_2025,pro_men,Olivier Fernandez,olivier-fernandez,https://www.hyresult.com/athlete/olivier-fernandez,45_49,469,14,4255,https://www.hyresult.com/result/LR3MS4JI309D9D,true,4,15,26,3,3,23,20,267,252,437,302,275,257,108,275,280
chicago_2025,pro_men,Mohamed Nessah,mohamed-nessah,https://www.hyresult.com/athlete/mohamed-nessah,30_34,470,115,4256,https://www.hyresult.com/result/LR3MS4JI3099EB,true,4,16,31,3,3,26,21,301,239,183,370,222,258,120,279,342
chicago_2025,pro_men,Sam Miller,sam-miller,https://www.hyresult.com/athlete/sam-miller,50_54,471,7,4257,https://www.hyresult.com/result/LR3MS4JI309592,true,4,16,30,3,3,25,23,294,245,163,284,247,256,113,261,370
chicago_2025,pro_men,Markus Pütz,markus-puetz,https://www.hyresult.com/athlete/markus-puetz,45_49,472,15,4257,https://www.hyresult.com/result/LR3MS4JI309984,true,4,17,33,3,3,29,26,285,233,324,323,212,242,92,263,297
chicago_2025,pro_men,Vincenzo Di Meo,vincenzo-di-meo,https://www.hyresult.com/athlete/vincenzo-di-meo,40_44,473,51,4265,https://www.hyresult.com/result/LR3MS4JI30944B,true,5,15,27,3,3,24,20,288,240,182,355,252,247,103,282,322
chicago_2025,pro_men,Jon Calvin,jon-calvin,https://www.hyresult.com/athlete/jon-calvin,40_44,474,52,4267,https://www.hyresult.com/result/LR3MS4JI309EC9,true,4,14,26,3,3,23,19,285,254,194,289,282,267,118,240,420
chicago_2025,pro_men,Andrew Crawford,andrew-crawford,https://www.hyresult.com/athlete/andrew-crawford,40_44,475,53,4270,https://www.hyresult.com/result/LR3MS4JI3096A7,true,4,15,28,4,14,23,23,280,251,209,413,229,255,110,280,358
chicago_2025,pro_men,Fateh Nabil Taleb,fateh-nabil-taleb,https://www.hyresult.com/athlete/fateh-nabil-taleb,35_39,476,96,4271,https://www.hyresult.com/result/LR3MS4JI3097DD,true,4,13,26,3,3,26,20,269,237,352,330,241,250,124,282,398
chicago_2025,pro_men,Daniel Super,daniel-super,https://www.hyresult.com/athlete/daniel-super,30_34,477,116,4271,https://www.hyresult.com/result/LR3MS4JI309EDB,true,4,14,27,4,3,25,23,275,238,335,370,212,242,115,233,321
chicago_2025,pro_men,Daniel Pountney,daniel-pountney,https://www.hyresult.com/athlete/daniel-pountney,35_39,478,97,4273,https://www.hyresult.com/result/LR3MS4JI3099AE,true,4,13,26,4,2,22,19,274,240,474,308,213,245,108,244,342
chicago_2025,pro_men,Adam Bemrose,adam-bemrose,https://www.hyresult.com/athlete/adam-bemrose,40_44,479,54,4274,https://www.hyresult.com/result/LR3MS4JI309E3A,true,5,16,30,3,4,24,18,310,235,157,283,230,248,105,289,405
chicago_2025,pro_men,Sean Wentzel,sean-wentzel,https://www.hyresult.com/athlete/sean-wentzel,35_39,480,98,4275,https://www.hyresult.com/result/LR3MS4JI309682,true,4,13,27,2,3,19,18,272,254,231,315,219,261,119,251,358
chicago_2025,pro_men,Martijn Schohaus,martijn-schohaus,https://www.hyresult.com/athlete/martijn-schohaus,45_49,481,16,4276,https://www.hyresult.com/result/LR3MS4JI309F0F,true,4,16,29,3,3,26,20,295,248,178,272,292,280,98,269,308
chicago_2025,pro_men,Brad Clark,brad-clark,https://www.hyresult.com/athlete/brad-clark,30_34,482,117,4279,https://www.hyresult.com/result/LR3MS4JI309549,true,4,14,28,3,6,24,20,283,235,259,301,304,241,86,258,380
chicago_2025,pro_men,Ethan Deep,ethan-deep,https://www.hyresult.com/athlete/ethan-deep,unknown,483,87,4280,https://www.hyresult.com/result/LR3MS4JI309B86,true,4,14,27,3,3,26,23,275,240,259,313,287,254,150,250,341
chicago_2025,pro_men,Bart Maljaars,bart-maljaars,https://www.hyresult.com/athlete/bart-maljaars,25_29,484,105,4280,https://www.hyresult.com/result/LR3MS4JI324162,true,4,17,29,3,2,26,26,290,242,153,319,354,278,119,222,319
chicago_2025,pro_men,Robert Perovich,robert-perovich,https://www.hyresult.com/athlete/robert-perovich,unknown,485,88,4281,https://www.hyresult.com/result/LR3MS4JI30935F,true,4,14,27,3,4,37,25,263,236,275,331,259,255,115,243,345
chicago_2025,pro_men,Paul White,paul-white,https://www.hyresult.com/athlete/paul-white,35_39,486,99,4283,https://www.hyresult.com/result/LR3MS4JI309E14,true,4,15,27,4,3,22,20,289,239,246,311,240,260,114,271,315
chicago_2025,pro_men,Jc Roos,unknown,unknown,30_34,487,118,4288,https://www.hyresult.com/result/LR3MS4JI309381,false,0,0,0,0,0,0,0,0,0,0,0,0,0,0,0,0
chicago_2025,pro_men,Xavier Dufour,xavier-dufour,https://www.hyresult.com/athlete/xavier-dufour,25_29,488,106,4289,https://www.hyresult.com/result/LR3MS4JI309627,true,3,12,23,3,3,40,19,225,250,198,586,205,254,326,257,350
chicago_2025,pro_men,Matthias Bendler,matthias-bendler,https://www.hyresult.com/athlete/matthias-bendler,40_44,489,55,4290,https://www.hyresult.com/result/LR3MS4JI309C06,true,4,15,30,4,3,27,20,333,237,198,258,238,248,94,231,272
chicago_2025,pro_men,Jan Hof,jan-hof,https://www.hyresult.com/athlete/jan-hof,40_44,490,56,4291,https://www.hyresult.com/result/LR3MS4JI309B94,true,5,16,28,4,3,26,23,295,250,158,360,278,262,104,254,318
chicago_2025,pro_men,Grant Grafentin,grant-grafentin,https://www.hyresult.com/athlete/grant-grafentin,30_34,491,119,4293,https://www.hyresult.com/result/LR3MS4JI309494,true,4,14,28,3,3,30,18,266,260,266,411,227,274,136,299,394
chicago_2025,pro_men,Joshua Smith,joshua-smith,https://www.hyresult.com/athlete/joshua-smith,25_29,492,107,4293,https://www.hyresult.com/result/LR3MS4JI309656,true,4,13,25,28,5,28,20,262,247,185,425,224,261,202,250,416
chicago_2025,pro_men,Thomas Reuter,thomas-reuter,https://www.hyresult.com/athlete/thomas-reuter,40_44,493,57,4294,https://www.hyresult.com/result/LR3MS4JI309CDA,true,4,15,27,3,3,29,22,288,257,165,381,262,262,102,284,321
chicago_2025,pro_men,Joze Kojc,joze-kojc,https://www.hyresult.com/athlete/joze-kojc,55_59,494,1,4294,https://www.hyresult.com/result/LR3MS4JI3098A7,true,5,17,33,7,3,26,20,292,246,230,288,200,253,112,242,443
chicago_2025,pro_men,Joe Washington,joe-washington,https://www.hyresult.com/athlete/joe-washington,40_44,495,58,4296,https://www.hyresult.com/result/LR3MS4JI3095BC,true,5,14,28,3,3,21,22,287,248,240,287,243,262,103,277,448
chicago_2025,pro_men,Jackson Mitchell,jackson-mitchell,https://www.hyresult.com/athlete/jackson-mitchell,30_34,496,120,4298,https://www.hyresult.com/result/LR3MS4JI33162C,true,4,15,37,4,3,29,20,282,236,174,330,263,249,119,317,303
chicago_2025,pro_men,Marcos Merritt,marcos-merritt,https://www.hyresult.com/athlete/marcos-merritt,unknown,497,89,4298,https://www.hyresult.com/result/LR3MS4JI309829,true,4,14,29,2,2,29,20,322,254,167,365,237,258,94,252,316
chicago_2025,pro_men,Gergely Benyőcs,gergely-benyocs,https://www.hyresult.com/athlete/gergely-benyocs,45_49,498,17,4299,https://www.hyresult.com/result/LR3MS4JI309CC9,true,5,16,29,4,3,23,19,276,253,185,318,207,263,105,246,505
chicago_2025,pro_men,Aaron Holmes,aaron-holmes,https://www.hyresult.com/athlete/aaron-holmes,35_39,499,100,4301,https://www.hyresult.com/result/LR3MS4JI30957C,true,5,15,29,3,3,31,22,302,247,155,299,269,265,139,215,395
chicago_2025,pro_men,Tim Ovadal,tim-ovadal,https://www.hyresult.com/athlete/tim-ovadal,40_44,500,59,4306,https://www.hyresult.com/result/LR3MS4JI3097D3,true,4,15,29,4,3,29,25,305,240,259,259,274,262,106,300,287
chicago_2025,pro_men,Grant Thompson,grant-thompson,https://www.hyresult.com/athlete/grant-thompson,unknown,501,90,4306,https://www.hyresult.com/result/LR3MS4JI309C8E,true,4,13,27,3,4,28,24,273,259,216,413,257,274,102,243,378
chicago_2025,pro_men,Robert van der Zanden,robert-van-der-zanden,https://www.hyresult.com/athlete/robert-van-der-zanden,45_49,502,18,4309,https://www.hyresult.com/result/LR3MS4JI309D0B,true,5,17,30,3,3,37,20,289,253,210,349,284,266,96,278,349
chicago_2025,pro_men,Adam Fitzakerley,adam-fitzakerley,https://www.hyresult.com/athlete/adam-fitzakerley,40_44,503,60,4309,https://www.hyresult.com/result/LR3MS4JI309E15,true,4,13,25,3,3,27,21,240,250,318,396,218,264,119,255,527
chicago_2025,pro_men,Shane Linnan,shane-linnan,https://www.hyresult.com/athlete/shane-linnan,30_34,504,121,4314,https://www.hyresult.com/result/LR3MS4JI309570,true,4,15,28,5,3,63,18,284,243,251,372,277,251,124,226,318
chicago_2025,pro_men,Jason Bailey,jason-bailey,https://www.hyresult.com/athlete/jason-bailey,50_54,505,8,4315,https://www.hyresult.com/result/LR3MS4JI309805,true,5,17,30,3,3,21,28,299,246,186,300,284,263,109,265,304
chicago_2025,pro_men,Will Smoot,will-smoot,https://www.hyresult.com/athlete/will-smoot,unknown,506,91,4318,https://www.hyresult.com/result/LR3MS4JI309B0F,true,4,14,26,5,3,26,17,281,235,146,288,178,248,100,201,322
chicago_2025,pro_men,Ezra Warren,ezra-warren,https://www.hyresult.com/athlete/ezra-warren,30_34,507,123,4319,https://www.hyresult.com/result/LR3MS4JI309A0E,true,4,14,25,3,4,28,23,286,234,208,481,169,269,93,296,412
chicago_2025,pro_men,Christian Haas,christian-haas,https://www.hyresult.com/athlete/christian-haas,30_34,508,122,4319,https://www.hyresult.com/result/LR3MS4JI309393,true,4,13,29,2,3,24,20,289,239,249,360,243,263,94,250,393
chicago_2025,pro_men,Francisco Moreira,francisco-moreira,https://www.hyresult.com/athlete/francisco-moreira,35_39,509,101,4323,https://www.hyresult.com/result/LR3MS4JI3097AE,true,4,14,27,3,3,27,21,271,254,198,520,217,267,123,226,383
chicago_2025,pro_men,Samuel Cottrell,samuel-cottrell,https://www.hyresult.com/athlete/samuel-cottrell,25_29,510,108,4325,https://www.hyresult.com/result/LR3MS4JI309334,true,4,14,27,5,4,84,21,251,241,229,422,263,258,129,341,318
chicago_2025,pro_men,Aaron Wilkins,aaron-wilkins,https://www.hyresult.com/athlete/aaron-wilkins,40_44,511,61,4325,https://www.hyresult.com/result/LR3MS4JI331623,true,4,14,30,3,5,28,20,311,220,158,306,324,244,93,304,264
chicago_2025,pro_men,Ben Janssen,unknown,unknown,30_34,512,124,4326,https://www.hyresult.com/result/LR3MS4JI3093A6,false,0,0,0,0,0,0,0,0,0,0,0,0,0,0,0,0
chicago_2025,pro_men,Lukas Jochheim,lukas-jochheim,https://www.hyresult.com/athlete/lukas-jochheim,25_29,513,109,4329,https://www.hyresult.com/result/LR3MS4JI309AE9,true,4,13,25,3,3,34,18,277,245,220,291,278,258,136,257,463
chicago_2025,pro_men,Austin TenElshof,austin-tenelshof,https://www.hyresult.com/athlete/austin-tenelshof,30_34,514,125,4330,https://www.hyresult.com/result/LR3MS4JI3095F1,true,4,14,26,3,2,22,27,300,239,305,280,279,244,120,265,319
chicago_2025,pro_men,Kyle Svikulis,kyle-svikulis,https://www.hyresult.com/athlete/kyle-svikulis,unknown,515,92,4332,https://www.hyresult.com/result/LR3MS4JI3098B3,true,4,14,28,4,3,25,20,306,250,163,300,265,261,120,318,369
chicago_2025,pro_men,Alex Miller,alex-miller,https://www.hyresult.com/athlete/alex-miller,30_34,516,126,4332,https://www.hyresult.com/result/LR3MS4JI3097C1,true,4,14,27,3,6,24,19,274,234,385,447,224,271,103,191,273
chicago_2025,pro_men,Ewan Harrison,ewan-harrison,https://www.hyresult.com/athlete/ewan-harrison,40_44,517,63,4332,https://www.hyresult.com/result/LR3MS4JI3093E3,true,4,15,28,3,4,25,20,285,249,184,368,222,255,97,265,417
chicago_2025,pro_men,Chris Millar,chris-millar,https://www.hyresult.com/athlete/chris-millar,40_44,518,62,4332,https://www.hyresult.com/result/LR3MS4JI30935C,true,4,13,27,3,3,27,21,255,252,308,333,216,263,134,278,459
chicago_2025,pro_men,Chris Mann,unknown,unknown,35_39,519,102,4334,https://www.hyresult.com/result/LR3MS4JI30987C,false,0,0,0,0,0,0,0,0,0,0,0,0,0,0,0,0
chicago_2025,pro_men,Elliot Terry-Fagan,elliot-terry-fagan,https://www.hyresult.com/athlete/elliot-terry-fagan,25_29,520,110,4336,https://www.hyresult.com/result/LR3MS4JI3097A3,true,4,15,25,2,3,26,18,294,248,297,340,261,270,157,252,287
chicago_2025,pro_men,Jeremiah Santini,unknown,unknown,40_44,521,65,4337,https://www.hyresult.com/result/LR3MS4JI309CF5,false,0,0,0,0,0,0,0,0,0,0,0,0,0,0,0,0
chicago_2025,pro_men,Matthew Groose,matthew-groose,https://www.hyresult.com/athlete/matthew-groose,40_44,522,64,4337,https://www.hyresult.com/result/LR3MS4JI331637,true,4,14,25,3,3,25,19,297,229,424,312,206,256,94,236,336
chicago_2025,pro_men,Dorus De Rijk,dorus-de-rijk,https://www.hyresult.com/athlete/dorus-de-rijk,25_29,523,111,4338,https://www.hyresult.com/result/LR3MS4JI309412,true,4,14,27,4,6,24,21,279,228,204,306,255,248,135,284,500
chicago_2025,pro_men,Cole Lyall,cole-lyall,https://www.hyresult.com/athlete/cole-lyall,unknown,524,93,4340,https://www.hyresult.com/result/LR3MS4JI30931B,true,5,14,25,3,2,26,20,271,253,330,435,210,266,184,222,324
chicago_2025,pro_men,Elouan Millau,elouan-millau,https://www.hyresult.com/athlete/elouan-millau,unknown,525,94,4342,https://www.hyresult.com/result/LR3MS4JI309C62,true,4,13,26,6,3,28,24,265,236,349,409,229,264,141,244,328
chicago_2025,pro_men,Tom Latchford,tom-latchford,https://www.hyresult.com/athlete/tom-latchford,unknown,526,95,4342,https://www.hyresult.com/result/LR3MS4JI30995E,true,5,14,28,4,4,28,28,252,251,205,366,250,272,178,291,375
chicago_2025,pro_men,Jason Briscoe,jason-briscoe,https://www.hyresult.com/athlete/jason-briscoe,45_49,527,19,4343,https://www.hyresult.com/result/LR3MS4JI309617,true,4,16,31,13,2,25,21,285,248,286,366,216,258,87,267,322
chicago_2025,pro_men,Boris Gurtner,boris-gurtner,https://www.hyresult.com/athlete/boris-gurtner,25_29,528,112,4344,https://www.hyresult.com/result/LR3MS4JI3315D8,true,4,14,29,4,3,22,21,255,258,226,501,268,267,140,263,329
chicago_2025,pro_men,Herkules Reimann,herkules-reimann,https://www.hyresult.com/athlete/herkules-reimann,45_49,529,20,4346,https://www.hyresult.com/result/LR3MS4JI3094B9,true,5,15,30,5,3,26,24,297,247,183,376,247,253,109,279,321
chicago_2025,pro_men,Jack Johnstone,jack-johnstone,https://www.hyresult.com/athlete/jack-johnstone,25_29,530,113,4346,https://www.hyresult.com/result/LR3MS4JI309B3D,true,5,15,29,3,3,29,28,298,253,280,287,237,252,98,276,343
chicago_2025,pro_men,Marc Kroes,marc-kroes,https://www.hyresult.com/athlete/marc-kroes,45_49,531,21,4346,https://www.hyresult.com/result/LR3MS4JI309AA1,true,5,16,29,11,3,22,26,305,254,169,408,177,284,91,262,386
chicago_2025,pro_men,Kev Marson,kev-marson,https://www.hyresult.com/athlete/kev-marson,40_44,532,66,4351,https://www.hyresult.com/result/LR3MS4JI3095A0,true,5,15,31,3,3,25,26,297,249,128,363,242,260,118,301,310
chicago_2025,pro_men,Miguel Gonzalez,miguel-gonzalez,https://www.hyresult.com/athlete/miguel-gonzalez,35_39,533,103,4352,https://www.hyresult.com/result/LR3MS4JI309C80,true,4,16,32,5,3,27,25,276,243,229,361,227,274,111,248,360
chicago_2025,pro_men,Grzegorz Hoffman,grzegorz-hoffman,https://www.hyresult.com/athlete/grzegorz-hoffman,35_39,534,104,4353,https://www.hyresult.com/result/LR3MS4JI3097CA,true,4,14,27,4,3,25,23,283,254,323,306,260,261,123,206,390
chicago_2025,pro_men,Ronan Byrne,ronan-byrne,https://www.hyresult.com/athlete/ronan-byrne,unknown,535,96,4355,https://www.hyresult.com/result/LR3MS4JI309CBF,true,4,14,27,3,3,20,20,267,248,419,235,198,261,125,223,488
chicago_2025,pro_men,Quentin Dupuis,quentin-dupuis,https://www.hyresult.com/athlete/quentin-dupuis,30_34,536,127,4356,https://www.hyresult.com/result/LR3MS4JI30998A,true,3,14,28,3,3,22,21,247,232,271,396,241,263,103,251,550
chicago_2025,pro_men,Simon Danielli,simon-danielli,https://www.hyresult.com/athlete/simon-danielli,45_49,537,23,4356,https://www.hyresult.com/result/LR3MS4JI309834,true,4,16,30,6,3,26,21,313,238,186,314,234,249,112,230,393
chicago_2025,pro_men,Rob Snaith,rob-snaith,https://www.hyresult.com/athlete/rob-snaith,45_49,538,22,4356,https://www.hyresult.com/result/LR3MS4JI309A1D,true,4,16,28,4,3,25,22,278,255,247,292,222,258,99,279,474
chicago_2025,pro_men,Tom Eastham,tom-eastham,https://www.hyresult.com/athlete/tom-eastham,40_44,539,67,4359,https://www.hyresult.com/result/LR3MS4JI32417F,true,4,14,27,8,6,26,20,285,248,187,383,228,261,121,282,382
chicago_2025,pro_men,Sebastien Barreaud,sebastien-barreaud,https://www.hyresult.com/athlete/sebastien-barreaud,45_49,540,24,4360,https://www.hyresult.com/result/LR3MS4JI3096FA,true,4,13,24,3,3,24,21,261,247,401,532,260,260,106,270,269
chicago_2025,pro_men,Michael Smith,michael-smith,https://www.hyresult.com/athlete/michael-smith,30_34,541,128,4361,https://www.hyresult.com/result/LR3MS4JI309F15,true,4,15,28,5,3,26,24,276,253,235,376,204,268,134,304,440
chicago_2025,pro_men,Jean Patrick Delhaye,jean-patrick-delhaye,https://www.hyresult.com/athlete/jean-patrick-delhaye,45_49,542,25,4362,https://www.hyresult.com/result/LR3MS4JI309D03,true,5,17,29,4,3,42,24,295,244,199,342,277,258,93,297,264
chicago_2025,pro_men,Garry Docherty,garry-docherty,https://www.hyresult.com/athlete/garry-docherty,30_34,543,129,4364,https://www.hyresult.com/result/LR3MS4JI30972C,true,4,15,27,4,3,23,19,266,252,304,333,218,276,147,258,493
chicago_2025,pro_men,Andrew Cronje,andrew-cronje,https://www.hyresult.com/athlete/andrew-cronje,40_44,544,68,4369,https://www.hyresult.com/result/LR3MS4JI3099CF,true,4,15,29,3,2,25,27,278,249,170,299,225,258,136,313,433
chicago_2025,pro_men,John Polson,unknown,unknown,35_39,545,105,4370,https://www.hyresult.com/result/LR3MS4JI309872,false,0,0,0,0,0,0,0,0,0,0,0,0,0,0,0,0
chicago_2025,pro_men,Rob Schooling,rob-schooling,https://www.hyresult.com/athlete/rob-schooling,55_59,546,2,4371,https://www.hyresult.com/result/LR3MS4JI309435,true,5,18,29,2,2,19,22,312,247,185,271,208,245,166,278,380
chicago_2025,pro_men,Mark Gough,mark-gough,https://www.hyresult.com/athlete/mark-gough,40_44,547,69,4372,https://www.hyresult.com/result/LR3MS4JI3095AB,true,5,16,36,4,5,25,24,339,248,199,258,189,261,88,230,341
chicago_2025,pro_men,Oliver Worth,oliver-worth,https://www.hyresult.com/athlete/oliver-worth,35_39,548,106,4383,https://www.hyresult.com/result/LR3MS4JI309790,true,4,18,28,3,3,27,21,291,250,247,257,230,261,131,255,407
chicago_2025,pro_men,Ramon Hendricks,ramon-hendricks,https://www.hyresult.com/athlete/ramon-hendricks,25_29,549,114,4383,https://www.hyresult.com/result/LR3MS4JI309B62,true,4,14,28,3,3,25,22,287,251,186,366,270,271,112,244,401
chicago_2025,pro_men,Jake Wagner,jake-wagner,https://www.hyresult.com/athlete/jake-wagner,unknown,550,97,4384,https://www.hyresult.com/result/LR3MS4JI3094E8,true,4,16,31,3,3,26,23,298,242,205,270,315,269,97,234,302
chicago_2025,pro_men,Harry Nolan,harry-nolan,https://www.hyresult.com/athlete/harry-nolan,45_49,551,26,4388,https://www.hyresult.com/result/LR3MS4JI30972B,true,5,16,31,4,3,27,20,315,242,240,334,272,254,106,255,309
chicago_2025,pro_men,Callum Hardie,callum-hardie,https://www.hyresult.com/athlete/callum-hardie,25_29,552,115,4389,https://www.hyresult.com/result/LR3MS4JI309A97,true,5,15,32,3,3,27,20,321,239,259,250,269,261,114,307,240
chicago_2025,pro_men,Matej Brzovic,matej-brzovic,https://www.hyresult.com/athlete/matej-brzovic,25_29,553,116,4392,https://www.hyresult.com/result/LR3MS4JI309CF7,true,4,16,30,3,3,25,18,308,240,215,236,242,250,98,208,283
chicago_2025,pro_men,Peter Slattery,peter-slattery,https://www.hyresult.com/athlete/peter-slattery,unknown,554,98,4392,https://www.hyresult.com/result/LR3MS4JI309CCB,true,4,14,30,3,13,25,17,296,265,207,321,239,261,116,175,319
chicago_2025,pro_men,Elyas Wahedi,elyas-wahedi,https://www.hyresult.com/athlete/elyas-wahedi,40_44,555,70,4395,https://www.hyresult.com/result/LR3MS4JI309979,true,5,15,34,3,3,38,26,265,275,205,315,285,275,133,312,365
chicago_2025,pro_men,Faisal Abdalla,faisal-abdalla,https://www.hyresult.com/athlete/faisal-abdalla,40_44,556,71,4395,https://www.hyresult.com/result/LR3MS4JI331712,true,4,16,29,4,3,28,26,292,231,228,294,307,262,103,277,319
chicago_2025,pro_men,Alexander Gorney,alexander-gorney,https://www.hyresult.com/athlete/alexander-gorney,35_39,557,107,4398,https://www.hyresult.com/result/LR3MS4JI309BB9,true,4,15,25,2,2,24,23,292,259,232,344,227,272,129,321,428
chicago_2025,pro_men,Nick Altomare,nick-altomare,https://www.hyresult.com/athlete/nick-altomare,35_39,558,108,4399,https://www.hyresult.com/result/LR3MS4JI309ECB,true,5,16,35,4,4,28,20,299,253,172,368,211,271,96,273,342
chicago_2025,pro_men,Ivan Silva,ivan-silva,https://www.hyresult.com/athlete/ivan-silva,40_44,559,72,4402,https://www.hyresult.com/result/LR3MS4JI309AB8,true,4,14,26,3,3,20,21,278,260,264,267,193,257,185,237,542
chicago_2025,pro_men,Tj Pilgrim,tj-pilgrim,https://www.hyresult.com/athlete/tj-pilgrim,unknown,560,99,4406,https://www.hyresult.com/result/LR3MS4JI309CB1,true,5,14,26,4,3,26,19,285,239,300,314,244,258,117,304,420
chicago_2025,pro_men,Florian Deliers,florian-deliers,https://www.hyresult.com/athlete/florian-deliers,35_39,561,109,4406,https://www.hyresult.com/result/LR3MS4JI309F17,true,5,15,29,4,4,30,27,297,252,191,353,258,261,92,288,352
chicago_2025,pro_men,Benjamin Cloarec,benjamin-cloarec,https://www.hyresult.com/athlete/benjamin-cloarec,30_34,562,130,4408,https://www.hyresult.com/result/LR3MS4JI324169,true,4,14,32,4,4,31,22,293,248,271,364,273,260,110,291,260
chicago_2025,pro_men,Marcos Iglesias Fonseca Barbosa,marcos-iglesias-fonseca-barbosa,https://www.hyresult.com/athlete/marcos-iglesias-fonseca-barbosa,45_49,563,27,4409,https://www.hyresult.com/result/LR3MS4JI309D20,true,5,15,25,3,3,35,21,254,264,257,438,212,263,124,290,502
chicago_2025,pro_men,Daniel Bejer,daniel-bejer,https://www.hyresult.com/athlete/daniel-bejer,unknown,564,100,4410,https://www.hyresult.com/result/LR3MS4JI309A2E,true,4,15,30,4,3,32,21,280,253,251,342,236,266,139,259,392
chicago_2025,pro_men,David Guy,david-guy,https://www.hyresult.com/athlete/david-guy,45_49,565,28,4411,https://www.hyresult.com/result/LR3MS4JI309736,true,4,17,31,4,3,28,20,320,237,225,277,270,257,110,239,319
chicago_2025,pro_men,Eric Sundberg,eric-sundberg,https://www.hyresult.com/athlete/eric-sundberg,40_44,566,73,4416,https://www.hyresult.com/result/LR3MS4JI309628,true,5,15,30,4,3,24,20,297,245,151,309,310,264,120,276,449
chicago_2025,pro_men,Ryan Reid,ryan-reid,https://www.hyresult.com/athlete/ryan-reid,25_29,567,117,4417,https://www.hyresult.com/result/LR3MS4JI309DAA,true,4,15,27,3,3,25,19,281,256,178,443,247,269,123,276,350
chicago_2025,pro_men,Raphael Merkt,raphael-merkt,https://www.hyresult.com/athlete/raphael-merkt,30_34,568,131,4418,https://www.hyresult.com/result/LR3MS4JI309802,true,4,15,29,4,3,26,20,305,235,170,287,303,273,81,272,382
chicago_2025,pro_men,Baptiste Morel,unknown,unknown,unknown,569,102,4419,https://www.hyresult.com/result/LR3MS4JI3098EE,false,0,0,0,0,0,0,0,0,0,0,0,0,0,0,0,0
chicago_2025,pro_men,Acaymo Armas Hidalgo,acaymo-armas-hidalgo,https://www.hyresult.com/athlete/acaymo-armas-hidalgo,unknown,570,101,4419,https://www.hyresult.com/result/LR3MS4JI309DC1,true,4,16,28,2,3,22,21,321,241,212,309,235,254,135,299,301
chicago_2025,pro_men,Tim Johnston,tim-johnston,https://www.hyresult.com/athlete/tim-johnston,40_44,571,74,4419,https://www.hyresult.com/result/LR3MS4JI309A26,true,4,16,29,4,3,24,21,294,251,293,304,256,264,112,253,429
chicago_2025,pro_men,Sérgio Correia,sergio-correia,https://www.hyresult.com/athlete/sergio-correia,45_49,572,29,4420,https://www.hyresult.com/result/LR3MS4JI3099DD,true,5,16,29,4,3,26,23,286,247,286,288,238,269,133,228,370
chicago_2025,pro_men,James Weber,james-weber,https://www.hyresult.com/athlete/james-weber,40_44,573,75,4422,https://www.hyresult.com/result/LR3MS4JI309E83,true,4,14,35,3,4,26,20,312,252,197,356,318,263,129,262,326
chicago_2025,pro_men,Albert Briggs,albert-briggs,https://www.hyresult.com/athlete/albert-briggs,40_44,574,76,4427,https://www.hyresult.com/result/LR3MS4JI309975,true,4,15,32,3,4,25,23,294,250,277,345,266,261,95,250,355
chicago_2025,pro_men,Hecham Belaidi,hecham-belaidi,https://www.hyresult.com/athlete/hecham-belaidi,35_39,575,110,4427,https://www.hyresult.com/result/LR3MS4JI309E66,true,4,15,29,3,4,27,20,290,237,305,402,270,261,108,250,293
chicago_2025,pro_men,Matteo Cioè,matteo-cioe,https://www.hyresult.com/athlete/matteo-cioe,25_29,576,118,4431,https://www.hyresult.com/result/LR3MS4JI309876,true,4,13,26,3,3,32,24,272,242,304,493,214,258,122,270,381
chicago_2025,pro_men,Gaspard Bui,gaspard-bui,https://www.hyresult.com/athlete/gaspard-bui,40_44,577,77,4437,https://www.hyresult.com/result/LR3MS4JI30996E,true,5,15,29,4,3,19,23,320,251,177,356,196,266,133,313,398
chicago_2025,pro_men,Kevin Bianchi,kevin-bianchi,https://www.hyresult.com/athlete/kevin-bianchi,40_44,578,78,4438,https://www.hyresult.com/result/LR3MS4JI309B60,true,5,17,30,4,3,36,23,291,242,263,398,236,262,110,238,293
chicago_2025,pro_men,Dan Langworthy,dan-langworthy,https://www.hyresult.com/athlete/dan-langworthy,unknown,579,103,4439,https://www.hyresult.com/result/LR3MS4JI3097C5,true,5,14,33,3,3,28,23,280,256,225,324,304,271,114,312,347
chicago_2025,pro_men,Arco Kolken,arco-kolken,https://www.hyresult.com/athlete/arco-kolken,40_44,580,79,4440,https://www.hyresult.com/result/LR3MS4JI309E36,true,4,15,29,3,3,27,25,297,250,201,364,233,263,112,275,388
chicago_2025,pro_men,JC Clough,jc-clough,https://www.hyresult.com/athlete/jc-clough,35_39,581,111,4442,https://www.hyresult.com/result/LR3MS4JI309AB1,true,4,14,26,5,4,33,25,278,258,233,402,241,260,149,269,420
chicago_2025,pro_men,John O Rourke,john-o-rourke,https://www.hyresult.com/athlete/john-o-rourke,40_44,582,80,4442,https://www.hyresult.com/result/LR3MS4JI309D65,true,9,15,28,5,3,27,35,274,242,173,348,253,264,142,286,475
chicago_2025,pro_men,Mitchell Haines,mitchell-haines,https://www.hyresult.com/athlete/mitchell-haines,35_39,583,112,4443,https://www.hyresult.com/result/LR3MS4JI309F38,true,5,15,29,25,2,26,21,300,243,188,313,252,253,130,284,474
chicago_2025,pro_men,Daniel Mas Serrano,daniel-mas-serrano,https://www.hyresult.com/athlete/daniel-mas-serrano,unknown,584,104,4453,https://www.hyresult.com/result/LR3MS4JI30951D,true,4,13,28,2,6,33,23,283,250,221,342,191,263,154,260,557
chicago_2025,pro_men,Florian Duterloo,florian-duterloo,https://www.hyresult.com/athlete/florian-duterloo,35_39,585,113,4453,https://www.hyresult.com/result/LR3MS4JI309CCA,true,4,14,27,3,3,28,22,289,231,294,434,259,244,92,263,478
chicago_2025,pro_men,Giovanni Guidetti,giovanni-guidetti,https://www.hyresult.com/athlete/giovanni-guidetti,35_39,586,114,4454,https://www.hyresult.com/result/LR3MS4JI3099FA,true,4,16,32,3,3,26,20,312,245,297,329,274,261,115,277,352
chicago_2025,pro_men,Tim Wacker,tim-wacker,https://www.hyresult.com/athlete/tim-wacker,unknown,587,105,4461,https://www.hyresult.com/result/LR3MS4JI30950F,true,4,14,26,3,3,31,22,292,240,267,348,274,257,160,226,315
chicago_2025,pro_men,Lukas Graser,lukas-graser,https://www.hyresult.com/athlete/lukas-graser,30_34,588,132,4461,https://www.hyresult.com/result/LR3MS4JI331607,true,4,15,30,3,3,25,18,299,242,291,354,304,262,99,242,333
chicago_2025,pro_men,Lukas Dreger,lukas-dreger,https://www.hyresult.com/athlete/lukas-dreger,40_44,589,81,4462,https://www.hyresult.com/result/LR3MS4JI309EC6,true,5,16,28,3,2,28,18,280,265,226,340,228,275,117,301,476
chicago_2025,pro_men,Jim Bichard,jim-bichard,https://www.hyresult.com/athlete/jim-bichard,50_54,590,9,4464,https://www.hyresult.com/result/LR3MS4JI309B1F,true,5,17,30,3,2,20,24,315,253,143,333,243,254,117,281,445
chicago_2025,pro_men,Sander Van Der Linden,sander-van-der-linden,https://www.hyresult.com/athlete/sander-van-der-linden,35_39,591,115,4467,https://www.hyresult.com/result/LR3MS4JI309A01,true,4,15,29,4,3,35,25,282,248,305,365,303,264,140,283,325
chicago_2025,pro_men,Colin Caughran,colin-caughran,https://www.hyresult.com/athlete/colin-caughran,40_44,592,82,4470,https://www.hyresult.com/result/LR3MS4JI3094F5,true,4,15,28,4,4,24,25,304,249,345,365,263,261,102,239,329
chicago_2025,pro_men,William Pinder,william-pinder,https://www.hyresult.com/athlete/william-pinder,30_34,593,133,4477,https://www.hyresult.com/result/LR3MS4JI309B7E,true,4,15,28,5,3,29,21,277,258,206,413,278,275,138,321,347
chicago_2025,pro_men,James Hogg,james-hogg,https://www.hyresult.com/athlete/james-hogg,35_39,594,116,4480,https://www.hyresult.com/result/LR3MS4JI30932C,true,5,13,25,3,4,29,24,268,254,286,320,294,263,94,277,498
chicago_2025,pro_men,Anthony Kromwel,anthony-kromwel,https://www.hyresult.com/athlete/anthony-kromwel,25_29,595,119,4480,https://www.hyresult.com/result/LR3MS4JI309730,true,4,13,26,3,2,28,20,294,243,309,357,306,268,102,265,429
chicago_2025,pro_men,Sam Wade,sam-wade,https://www.hyresult.com/athlete/sam-wade,unknown,596,106,4481,https://www.hyresult.com/result/LR3MS4JI309D60,true,5,15,31,4,3,31,26,322,248,214,318,273,252,177,339,319
chicago_2025,pro_men,Patrick Gayer,patrick-gayer,https://www.hyresult.com/athlete/patrick-gayer,40_44,597,83,4483,https://www.hyresult.com/result/LR3MS4JI30955C,true,4,15,25,3,3,24,18,274,251,407,343,315,258,122,243,340
chicago_2025,pro_men,Adam Schindler,adam-schindler,https://www.hyresult.com/athlete/adam-schindler,40_44,598,84,4485,https://www.hyresult.com/result/LR3MS4JI3094C8,true,5,15,29,4,3,29,24,290,240,229,283,223,262,184,286,491
chicago_2025,pro_men,Kenny Lyman,kenny-lyman,https://www.hyresult.com/athlete/kenny-lyman,30_34,599,134,4490,https://www.hyresult.com/result/LR3MS4JI309ED0,true,5,15,29,5,3,31,23,295,239,149,330,246,259,109,320,360
chicago_2025,pro_men,BENJAMIN BORELLO,benjamin-borello,https://www.hyresult.com/athlete/benjamin-borello,25_29,600,120,4491,https://www.hyresult.com/result/LR3MS4JI331617,true,4,14,28,3,3,27,22,300,252,186,342,257,259,101,261,531
chicago_2025,pro_men,Craig Hillary,craig-hillary,https://www.hyresult.com/athlete/craig-hillary,40_44,601,85,4491,https://www.hyresult.com/result/LR3MS4JI324149,true,5,14,27,16,3,24,20,290,238,166,423,195,256,136,276,505
chicago_2025,pro_men,Jsa Van Baaren,jsa-van-baaren,https://www.hyresult.com/athlete/jsa-van-baaren,unknown,602,107,4494,https://www.hyresult.com/result/LR3MS4JI324165,true,4,16,33,3,3,38,24,300,242,259,317,259,262,135,238,397
chicago_2025,pro_men,Gasper Valant,gasper-valant,https://www.hyresult.com/athlete/gasper-valant,45_49,603,30,4495,https://www.hyresult.com/result/LR3MS4JI309A21,true,5,16,28,5,4,34,24,284,243,124,500,248,260,117,253,431
chicago_2025,pro_men,Santiago Martín-Romo Parra,santiago-martin-romo-parra,https://www.hyresult.com/athlete/santiago-martin-romo-parra,40_44,604,86,4497,https://www.hyresult.com/result/LR3MS4JI30966A,true,4,15,30,3,3,27,19,273,252,311,362,208,269,166,269,345
chicago_2025,pro_men,Andrew Langley,andrew-langley,https://www.hyresult.com/athlete/andrew-langley,40_44,605,87,4498,https://www.hyresult.com/result/LR3MS4JI309CAC,true,5,19,36,7,4,26,28,297,227,224,236,229,245,99,306,360
chicago_2025,pro_men,Ben Court,ben-court,https://www.hyresult.com/athlete/ben-court,45_49,606,31,4499,https://www.hyresult.com/result/LR3MS4JI324145,true,5,16,28,3,3,27,20,297,256,252,310,264,258,96,268,422
chicago_2025,pro_men,Simon Pepper,simon-pepper,https://www.hyresult.com/athlete/simon-pepper,45_49,607,32,4501,https://www.hyresult.com/result/LR3MS4JI309C14,true,4,16,30,3,3,27,29,308,248,261,356,251,258,116,303,360
chicago_2025,pro_men,Mitchell Doler,mitchell-doler,https://www.hyresult.com/athlete/mitchell-doler,40_44,608,89,4501,https://www.hyresult.com/result/LR3MS4JI309B28,true,4,16,40,5,7,36,38,283,238,202,369,275,281,112,274,429
chicago_2025,pro_men,Daniel Gruebel,daniel-gruebel,https://www.hyresult.com/athlete/daniel-gruebel,40_44,609,90,4501,https://www.hyresult.com/result/LR3MS4JI331609,true,4,17,31,42,5,30,24,307,242,174,338,244,262,99,254,434
chicago_2025,pro_men,Yoann Lescure,yoann-lescure,https://www.hyresult.com/athlete/yoann-lescure,40_44,610,88,4501,https://www.hyresult.com/result/LR3MS4JI30937A,true,5,16,30,5,3,27,22,315,251,256,337,209,264,113,263,339
chicago_2025,pro_men,Chris Heron,chris-heron,https://www.hyresult.com/athlete/chris-heron,45_49,611,33,4503,https://www.hyresult.com/result/LR3MS4JI309853,true,4,17,28,18,3,26,24,303,247,308,313,315,260,104,268,383
chicago_2025,pro_men,Matthew Furber,matthew-furber,https://www.hyresult.com/athlete/matthew-furber,40_44,612,91,4504,https://www.hyresult.com/result/LR3MS4JI309686,true,4,16,30,5,4,25,22,313,234,184,334,252,247,119,288,458
chicago_2025,pro_men,Tim Budemann,tim-budemann,https://www.hyresult.com/athlete/tim-budemann,unknown,613,108,4508,https://www.hyresult.com/result/LR3MS4JI309AF5,true,3,14,26,4,3,28,22,286,242,197,379,271,254,162,262,531
chicago_2025,pro_men,Cory Hay,cory-hay,https://www.hyresult.com/athlete/cory-hay,40_44,614,92,4512,https://www.hyresult.com/result/LR3MS4JI309BD1,true,4,16,28,4,4,40,28,315,235,254,325,301,255,123,280,348
chicago_2025,pro_men,John Quirk,john-quirk,https://www.hyresult.com/athlete/john-quirk,50_54,615,10,4515,https://www.hyresult.com/result/LR3MS4JI3094EF,true,4,17,30,3,4,23,23,312,245,189,368,280,261,109,313,370
chicago_2025,pro_men,Stefan Ecks,stefan-ecks,https://www.hyresult.com/athlete/stefan-ecks,45_49,616,34,4515,https://www.hyresult.com/result/LR3MS4JI309EEC,true,5,16,30,3,3,31,29,301,238,182,330,270,246,159,279,411
chicago_2025,pro_men,Albert Jose Gonzalvo,albert-jose-gonzalvo,https://www.hyresult.com/athlete/albert-jose-gonzalvo,40_44,617,93,4515,https://www.hyresult.com/result/LR3MS4JI309932,true,4,17,30,4,3,26,24,280,254,431,335,208,253,108,291,394
chicago_2025,pro_men,Aaron Nowlin,aaron-nowlin,https://www.hyresult.com/athlete/aaron-nowlin,45_49,618,35,4517,https://www.hyresult.com/result/LR3MS4JI30940C,true,4,14,31,4,3,33,27,353,255,185,302,270,270,107,247,356
chicago_2025,pro_men,Lucas Parker,lucas-parker,https://www.hyresult.com/athlete/lucas-parker,unknown,619,109,4518,https://www.hyresult.com/result/LR3MS4JI309E4E,true,3,13,24,6,3,27,21,262,237,251,409,256,256,167,304,506
chicago_2025,pro_men,-TIM SNEE-,tim-snee,https://www.hyresult.com/athlete/tim-snee,50_54,620,11,4521,https://www.hyresult.com/result/LR3MS4JI309F29,true,4,15,29,5,3,25,24,306,242,231,329,305,263,96,257,393
chicago_2025,pro_men,Emmanuel Panis,emmanuel-panis,https://www.hyresult.com/athlete/emmanuel-panis,40_44,621,94,4523,https://www.hyresult.com/result/LR3MS4JI309E65,true,4,22,29,3,3,27,25,303,254,182,298,301,259,86,281,298
chicago_2025,pro_men,Boris Zujic,boris-zujic,https://www.hyresult.com/athlete/boris-zujic,50_54,622,12,4524,https://www.hyresult.com/result/LR3MS4JI309F40,true,4,18,30,4,2,32,27,298,262,199,310,211,267,118,290,412
chicago_2025,pro_men,Joel Dembowski,joel-dembowski,https://www.hyresult.com/athlete/joel-dembowski,45_49,623,36,4524,https://www.hyresult.com/result/LR3MS4JI309DDA,true,5,18,32,4,3,32,26,321,253,159,291,238,251,97,292,317
chicago_2025,pro_men,Raul Victoria Bautista,raul-victoria-bautista,https://www.hyresult.com/athlete/raul-victoria-bautista,50_54,624,13,4525,https://www.hyresult.com/result/LR3MS4JI309BEB,true,5,15,33,3,3,22,26,293,251,257,350,277,263,129,244,386
chicago_2025,pro_men,Enzo Napoli,enzo-napoli,https://www.hyresult.com/athlete/enzo-napoli,unknown,625,110,4526,https://www.hyresult.com/result/LR3MS4JI309A34,true,4,14,29,4,4,28,26,309,251,259,355,245,276,195,245,362
chicago_2025,pro_men,Ludovic Kubiak,ludovic-kubiak,https://www.hyresult.com/athlete/ludovic-kubiak,45_49,626,37,4526,https://www.hyresult.com/result/LR3MS4JI309E91,true,5,18,40,4,3,31,21,306,248,187,387,154,267,146,283,373
chicago_2025,pro_men,Andre Ullsperger,andre-ullsperger,https://www.hyresult.com/athlete/andre-ullsperger,40_44,627,95,4526,https://www.hyresult.com/result/LR3MS4JI309E37,true,5,15,29,2,3,26,18,314,252,191,288,316,262,125,281,387
chicago_2025,pro_men,Mauricio Valdez,mauricio-valdez,https://www.hyresult.com/athlete/mauricio-valdez,40_44,628,96,4528,https://www.hyresult.com/result/LR3MS4JI309EE5,true,4,17,25,2,2,28,18,259,251,356,594,171,273,86,277,418
chicago_2025,pro_men,Clint Van Beveren,clint-van-beveren,https://www.hyresult.com/athlete/clint-van-beveren,50_54,629,14,4529,https://www.hyresult.com/result/LR3MS4JI30960D,true,4,15,31,4,3,26,24,310,242,189,417,280,254,155,273,359
chicago_2025,pro_men,Clay Chapman,clay-chapman,https://www.hyresult.com/athlete/clay-chapman,25_29,630,121,4532,https://www.hyresult.com/result/LR3MS4JI30947E,true,4,13,37,7,3,29,23,275,251,274,521,259,256,108,254,406
chicago_2025,pro_men,Blake Beckman,blake-beckman,https://www.hyresult.com/athlete/blake-beckman,unknown,631,111,4532,https://www.hyresult.com/result/LR3MS4JI309319,true,4,14,28,2,3,30,26,261,249,310,403,256,266,191,282,458
chicago_2025,pro_men,Antoine Reisdorffer,antoine-reisdorffer,https://www.hyresult.com/athlete/antoine-reisdorffer,25_29,632,122,4536,https://www.hyresult.com/result/LR3MS4JI309BC0,true,4,13,24,3,3,27,46,281,256,296,551,193,256,194,286,438
chicago_2025,pro_men,Alex Macdonald,alex-macdonald,https://www.hyresult.com/athlete/alex-macdonald,40_44,633,97,4538,https://www.hyresult.com/result/LR3MS4JI309559,true,5,15,26,2,3,26,25,262,246,167,606,224,288,147,267,480
chicago_2025,pro_men,Josh Renkens,josh-renkens,https://www.hyresult.com/athlete/josh-renkens,50_54,634,15,4542,https://www.hyresult.com/result/LR3MS4JI309B32,true,5,15,28,3,3,24,21,299,256,385,320,236,261,129,249,388
chicago_2025,pro_men,Neale Oliver,neale-oliver,https://www.hyresult.com/athlete/neale-oliver,45_49,635,38,4542,https://www.hyresult.com/result/LR3MS4JI309BC8,true,4,17,30,5,3,22,22,321,250,206,282,260,260,119,294,359
chicago_2025,pro_men,Roy Koenders,roy-koenders,https://www.hyresult.com/athlete/roy-koenders,35_39,636,117,4543,https://www.hyresult.com/result/LR3MS4JI3315E1,true,4,16,29,3,3,28,20,357,247,183,296,268,264,124,238,353
chicago_2025,pro_men,Vincent Diephuis,vincent-diephuis,https://www.hyresult.com/athlete/vincent-diephuis,55_59,637,3,4544,https://www.hyresult.com/result/LR3MS4JI309514,true,5,17,34,4,3,36,32,289,264,266,310,280,263,109,239,383
chicago_2025,pro_men,Vlad Lia,vlad-lia,https://www.hyresult.com/athlete/vlad-lia,45_49,638,39,4544,https://www.hyresult.com/result/LR3MS4JI30982A,true,5,19,32,3,3,21,21,368,247,168,281,227,249,114,240,280
chicago_2025,pro_men,Rob Foster,unknown,unknown,40_44,639,98,4545,https://www.hyresult.com/result/LR3MS4JI309A82,false,0,0,0,0,0,0,0,0,0,0,0,0,0,0,0,0
chicago_2025,pro_men,Noppong Chaipukdee,noppong-chaipukdee,https://www.hyresult.com/athlete/noppong-chaipukdee,40_44,640,99,4547,https://www.hyresult.com/result/LR3MS4JI309DFB,true,5,15,29,4,3,29,21,292,257,235,391,226,264,144,228,507
chicago_2025,pro_men,Christopher Tonzola,christopher-tonzola,https://www.hyresult.com/athlete/christopher-tonzola,45_49,641,40,4554,https://www.hyresult.com/result/LR3MS4JI309354,true,5,17,31,3,4,23,21,292,252,175,349,315,270,127,303,409
chicago_2025,pro_men,Erick Hagendoorn,unknown,unknown,40_44,642,100,4558,https://www.hyresult.com/result/LR3MS4JI30983E,false,0,0,0,0,0,0,0,0,0,0,0,0,0,0,0,0
chicago_2025,pro_men,Artur Eisenbraun,unknown,unknown,40_44,643,101,4559,https://www.hyresult.com/result/LR3MS4JI32417A,false,0,0,0,0,0,0,0,0,0,0,0,0,0,0,0,0
chicago_2025,pro_men,Hubie Solley,hubie-solley,https://www.hyresult.com/athlete/hubie-solley,30_34,644,135,4560,https://www.hyresult.com/result/LR3MS4JI309C79,true,4,14,26,4,3,26,21,271,244,377,383,285,250,103,244,399
chicago_2025,pro_men,Alister Camilleri,alister-camilleri,https://www.hyresult.com/athlete/alister-camilleri,unknown,645,112,4560,https://www.hyresult.com/result/LR3MS4JI309DFA,true,4,15,30,3,3,30,22,293,254,331,494,218,278,145,247,353
chicago_2025,pro_men,Noah Groover,noah-groover,https://www.hyresult.com/athlete/noah-groover,25_29,646,123,4569,https://www.hyresult.com/result/LR3MS4JI309463,true,4,17,29,4,4,35,33,471,242,220,336,215,281,156,237,341
chicago_2025,pro_men,Nigel Levett,nigel-levett,https://www.hyresult.com/athlete/nigel-levett,55_59,647,4,4575,https://www.hyresult.com/result/LR3MS4JI309CAE,true,4,17,27,3,3,22,20,287,260,300,391,262,258,120,276,377
chicago_2025,pro_men,Ray Shah,unknown,unknown,45_49,648,41,4575,https://www.hyresult.com/result/LR3MS4JI309419,false,0,0,0,0,0,0,0,0,0,0,0,0,0,0,0,0
chicago_2025,pro_men,Alexandre Pilat,alexandre-pilat,https://www.hyresult.com/athlete/alexandre-pilat,35_39,649,118,4579,https://www.hyresult.com/result/LR3MS4JI309DEB,true,4,13,25,3,3,25,18,274,235,305,375,315,257,143,315,367
chicago_2025,pro_men,Vincent Notz,vincent-notz,https://www.hyresult.com/athlete/vincent-notz,25_29,650,124,4583,https://www.hyresult.com/result/LR3MS4JI309694,true,5,13,25,4,2,40,28,253,251,306,406,361,258,124,240,594
chicago_2025,pro_men,Jean-Michel Tallott,jean-michel-tallott,https://www.hyresult.com/athlete/jean-michel-tallott,45_49,651,42,4593,https://www.hyresult.com/result/LR3MS4JI309896,true,4,18,34,16,5,29,26,414,249,201,360,255,249,101,289,363
chicago_2025,pro_men,Matthew Scrivner,matthew-scrivner,https://www.hyresult.com/athlete/matthew-scrivner,unknown,652,113,4593,https://www.hyresult.com/result/LR3MS4JI309622,true,5,16,29,4,4,35,25,357,230,153,282,211,250,150,318,359
chicago_2025,pro_men,Janusz Adamski,janusz-adamski,https://www.hyresult.com/athlete/janusz-adamski,55_59,653,5,4600,https://www.hyresult.com/result/LR3MS4JI309761,true,4,16,31,3,3,27,27,319,253,207,306,285,261,107,263,352
chicago_2025,pro_men,Sanjin Crnković,sanjin-crnkovic,https://www.hyresult.com/athlete/sanjin-crnkovic,45_49,654,43,4609,https://www.hyresult.com/result/LR3MS4JI309DBA,true,4,17,37,4,5,29,24,307,254,197,451,245,268,112,282,357
chicago_2025,pro_men,Greg Bradley,greg-bradley,https://www.hyresult.com/athlete/greg-bradley,35_39,655,119,4613,https://www.hyresult.com/result/LR3MS4JI30987A,true,5,16,33,4,3,30,27,302,256,269,389,282,285,103,273,359
chicago_2025,pro_men,Andrey Kalinin,andrey-kalinin,https://www.hyresult.com/athlete/andrey-kalinin,45_49,656,44,4616,https://www.hyresult.com/result/LR3MS4JI32413A,true,4,16,30,5,4,38,31,292,249,313,331,281,274,93,327,406
chicago_2025,pro_men,Thomas Mayr,thomas-mayr,https://www.hyresult.com/athlete/thomas-mayr,40_44,657,102,4621,https://www.hyresult.com/result/LR3MS4JI309C87,true,4,15,30,4,3,33,23,333,252,253,311,216,263,107,232,541
chicago_2025,pro_men,Michael Melly,michael-melly,https://www.hyresult.com/athlete/michael-melly,35_39,658,120,4622,https://www.hyresult.com/result/LR3MS4JI309A03,true,4,15,29,4,3,28,25,300,244,246,385,297,264,118,310,434
chicago_2025,pro_men,Gordon Stables,gordon-stables,https://www.hyresult.com/athlete/gordon-stables,40_44,659,103,4623,https://www.hyresult.com/result/LR3MS4JI309CD5,true,5,14,29,3,3,29,22,288,246,260,445,257,273,138,319,431
chicago_2025,pro_men,Damien Arlot,damien-arlot,https://www.hyresult.com/athlete/damien-arlot,30_34,660,136,4627,https://www.hyresult.com/result/LR3MS4JI309B76,true,4,13,31,3,2,26,20,248,240,219,544,230,261,120,274,364
chicago_2025,pro_men,Mariusz Michalski,mariusz-michalski,https://www.hyresult.com/athlete/mariusz-michalski,40_44,661,104,4630,https://www.hyresult.com/result/LR3MS4JI3099E4,true,6,22,46,4,5,34,29,313,268,323,344,227,273,125,220,306
chicago_2025,pro_men,Noah Graboys,noah-graboys,https://www.hyresult.com/athlete/noah-graboys,30_34,662,137,4630,https://www.hyresult.com/result/LR3MS4JI309727,true,4,14,28,3,3,22,21,270,245,245,742,250,266,156,249,401
chicago_2025,pro_men,Simone Chirolli,simone-chirolli,https://www.hyresult.com/athlete/simone-chirolli,40_44,663,105,4640,https://www.hyresult.com/result/LR3MS4JI309C33,true,6,17,30,3,3,33,25,331,274,205,358,244,284,114,273,317
chicago_2025,pro_men,Ruairi Mckeegan,ruairi-mckeegan,https://www.hyresult.com/athlete/ruairi-mckeegan,40_44,664,106,4651,https://www.hyresult.com/result/LR3MS4JI309D97,true,5,16,37,3,5,21,19,322,252,269,312,284,267,99,267,394
chicago_2025,pro_men,Adrian Li,adrian-li,https://www.hyresult.com/athlete/adrian-li,30_34,665,138,4651,https://www.hyresult.com/result/LR3MS4JI309445,true,4,15,26,3,2,27,31,295,247,382,437,237,258,137,259,371
chicago_2025,pro_men,Eduard Korat,eduard-korat,https://www.hyresult.com/athlete/eduard-korat,55_59,666,6,4655,https://www.hyresult.com/result/LR3MS4JI3098DE,true,5,15,28,3,3,30,24,278,250,286,505,267,259,105,225,455
chicago_2025,pro_men,Bill Martin,bill-martin,https://www.hyresult.com/athlete/bill-martin,45_49,667,45,4665,https://www.hyresult.com/result/LR3MS4JI309D54,true,4,16,29,3,3,32,25,277,263,226,518,197,281,146,248,591
chicago_2025,pro_men,Roman Hopp,roman-hopp,https://www.hyresult.com/athlete/roman-hopp,35_39,668,121,4670,https://www.hyresult.com/result/LR3MS4JI309902,true,5,16,28,5,4,30,22,320,260,231,334,271,281,153,322,463
chicago_2025,pro_men,Tony Barry,tony-barry,https://www.hyresult.com/athlete/tony-barry,40_44,669,107,4680,https://www.hyresult.com/result/LR3MS4JI309C9D,true,5,16,30,5,24,26,28,312,262,226,422,243,281,138,325,354
chicago_2025,pro_men,Imre Hajdu,imre-hajdu,https://www.hyresult.com/athlete/imre-hajdu,45_49,670,46,4685,https://www.hyresult.com/result/LR3MS4JI309E53,true,5,15,29,4,3,27,20,296,249,280,465,238,261,133,316,442
chicago_2025,pro_men,Simon Towler,simon-towler,https://www.hyresult.com/athlete/simon-towler,45_49,671,47,4691,https://www.hyresult.com/result/LR3MS4JI3095A6,true,5,17,31,3,3,29,25,333,272,270,359,309,261,117,296,319
chicago_2025,pro_men,Richard Proost,richard-proost,https://www.hyresult.com/athlete/richard-proost,50_54,672,16,4696,https://www.hyresult.com/result/LR3MS4JI309374,true,5,17,30,4,3,31,24,314,237,188,315,266,256,104,297,493
chicago_2025,pro_men,Tyrone Alexander,tyrone-alexander,https://www.hyresult.com/athlete/tyrone-alexander,50_54,673,17,4699,https://www.hyresult.com/result/LR3MS4JI3094A9,true,5,17,30,4,3,28,27,303,234,267,383,293,258,116,284,446
chicago_2025,pro_men,Jon Clark,jon-clark,https://www.hyresult.com/athlete/jon-clark,50_54,674,18,4705,https://www.hyresult.com/result/LR3MS4JI309A0C,true,4,15,29,4,5,27,21,298,250,273,394,296,267,108,274,518
chicago_2025,pro_men,Thomas Schütz,thomas-schuetz,https://www.hyresult.com/athlete/thomas-schuetz,45_49,675,48,4705,https://www.hyresult.com/result/LR3MS4JI309D00,true,4,17,29,6,3,34,24,282,248,302,419,255,270,121,295,556
chicago_2025,pro_men,Sylvain Leblanc,sylvain-leblanc,https://www.hyresult.com/athlete/sylvain-leblanc,45_49,676,49,4707,https://www.hyresult.com/result/LR3MS4JI3097D2,true,5,17,30,5,4,30,21,295,246,303,406,225,265,159,345,423
chicago_2025,pro_men,Marcus Bateman,marcus-bateman,https://www.hyresult.com/athlete/marcus-bateman,40_44,677,108,4707,https://www.hyresult.com/result/LR3MS4JI309DCD,true,4,19,31,15,4,24,28,342,220,272,239,277,239,93,319,457
chicago_2025,pro_men,Max Mancuso,max-mancuso,https://www.hyresult.com/athlete/max-mancuso,unknown,678,114,4709,https://www.hyresult.com/result/LR3MS4JI331614,true,4,14,28,4,2,31,25,287,235,293,410,216,245,147,229,361
chicago_2025,pro_men,Tim Bell,tim-bell,https://www.hyresult.com/athlete/tim-bell,40_44,679,109,4711,https://www.hyresult.com/result/LR3MS4JI30943E,true,4,14,29,5,3,33,32,289,254,198,445,313,277,151,368,418
chicago_2025,pro_men,Joshua Langley,unknown,unknown,unknown,680,115,4712,https://www.hyresult.com/result/LR3MS4JI309568,false,0,0,0,0,0,0,0,0,0,0,0,0,0,0,0,0
chicago_2025,pro_men,Mike Young,mike-young,https://www.hyresult.com/athlete/mike-young,50_54,681,19,4713,https://www.hyresult.com/result/LR3MS4JI3093E1,true,5,20,39,4,5,32,25,357,251,164,283,312,267,114,297,231
chicago_2025,pro_men,Joe Anzur,joe-anzur,https://www.hyresult.com/athlete/joe-anzur,30_34,682,139,4715,https://www.hyresult.com/result/LR3MS4JI309BD3,true,4,15,29,3,3,28,25,307,255,290,408,230,275,132,308,446
chicago_2025,pro_men,Roger Reid,roger-reid,https://www.hyresult.com/athlete/roger-reid,55_59,683,7,4717,https://www.hyresult.com/result/LR3MS4JI309833,true,4,15,27,5,3,28,25,286,245,278,362,245,263,121,335,532
chicago_2025,pro_men,Grant Febery,grant-febery,https://www.hyresult.com/athlete/grant-febery,50_54,684,20,4721,https://www.hyresult.com/result/LR3MS4JI309D0C,true,5,18,31,4,2,25,21,328,241,185,316,353,261,101,326,333
chicago_2025,pro_men,José Angel Jimenez,jose-angel-jimenez,https://www.hyresult.com/athlete/jose-angel-jimenez,40_44,685,110,4721,https://www.hyresult.com/result/LR3MS4JI309D76,true,5,17,29,4,4,34,44,338,244,169,298,343,258,105,316,378
chicago_2025,pro_men,Christian Dirscherl,christian-dirscherl,https://www.hyresult.com/athlete/christian-dirscherl,40_44,686,111,4727,https://www.hyresult.com/result/LR3MS4JI309ABA,true,5,15,26,4,3,23,20,270,251,199,381,362,251,115,267,560
chicago_2025,pro_men,Luke Britton,luke-britton,https://www.hyresult.com/athlete/luke-britton,40_44,687,112,4732,https://www.hyresult.com/result/LR3MS4JI32418A,true,4,14,30,2,3,23,19,295,252,274,364,238,269,106,278,663
chicago_2025,pro_men,Ian Reid,ian-reid,https://www.hyresult.com/athlete/ian-reid,55_59,688,8,4732,https://www.hyresult.com/result/LR3MS4JI3098D3,true,5,19,29,3,3,27,22,310,261,219,308,307,276,120,342,469
chicago_2025,pro_men,Martin Lees,martin-lees,https://www.hyresult.com/athlete/martin-lees,50_54,689,21,4736,https://www.hyresult.com/result/LR3MS4JI309657,true,5,16,29,4,3,25,22,299,251,200,385,290,270,140,331,482
chicago_2025,pro_men,Ryan Miller,ryan-miller,https://www.hyresult.com/athlete/ryan-miller,40_44,690,113,4745,https://www.hyresult.com/result/LR3MS4JI324168,true,5,16,31,3,3,27,37,318,261,255,334,280,266,153,284,458
chicago_2025,pro_men,Jonathan Amistoso,jonathan-amistoso,https://www.hyresult.com/athlete/jonathan-amistoso,40_44,691,114,4745,https://www.hyresult.com/result/LR3MS4JI309B0B,true,4,15,29,9,3,23,29,315,262,330,357,292,261,107,347,387
chicago_2025,pro_men,Henri Pyykölä,henri-pyykoelae,https://www.hyresult.com/athlete/henri-pyykoelae,35_39,692,122,4748,https://www.hyresult.com/result/LR3MS4JI3093B2,true,4,13,27,3,4,45,22,353,246,165,421,246,296,182,266,325
chicago_2025,pro_men,Emmanuel Biguet,emmanuel-biguet,https://www.hyresult.com/athlete/emmanuel-biguet,25_29,693,125,4749,https://www.hyresult.com/result/LR3MS4JI309C76,true,3,12,27,4,3,33,22,294,238,228,379,264,269,266,359,667
chicago_2025,pro_men,Darren Scott,darren-scott,https://www.hyresult.com/athlete/darren-scott,50_54,694,22,4750,https://www.hyresult.com/result/LR3MS4JI309BD5,true,4,19,34,4,4,32,26,330,249,202,360,285,262,146,293,411
chicago_2025,pro_men,Anthony Amoroso,anthony-amoroso,https://www.hyresult.com/athlete/anthony-amoroso,45_49,695,50,4756,https://www.hyresult.com/result/LR3MS4JI3094A5,true,5,17,31,4,3,32,30,322,270,209,400,256,267,134,290,385
chicago_2025,pro_men,Martin Puumalainen,martin-puumalainen,https://www.hyresult.com/athlete/martin-puumalainen,45_49,696,51,4756,https://www.hyresult.com/result/LR3MS4JI309E1F,true,5,16,29,12,4,29,24,286,249,270,385,343,256,126,327,496
chicago_2025,pro_men,Trevor Murphy,trevor-murphy,https://www.hyresult.com/athlete/trevor-murphy,40_44,697,115,4764,https://www.hyresult.com/result/LR3MS4JI3097BF,true,4,14,26,2,3,28,19,276,239,631,421,220,257,117,219,353
chicago_2025,pro_men,Charles-Antoine Dubois,charles-antoine-dubois,https://www.hyresult.com/athlete/charles-antoine-dubois,40_44,698,116,4764,https://www.hyresult.com/result/LR3MS4JI309AF7,true,4,15,28,3,3,25,29,292,242,614,365,279,250,92,310,327
chicago_2025,pro_men,Patrick Willems,unknown,unknown,45_49,699,52,4766,https://www.hyresult.com/result/LR3MS4JI309E47,false,0,0,0,0,0,0,0,0,0,0,0,0,0,0,0,0
chicago_2025,pro_men,David Kadio-Morokro,david-kadio-morokro,https://www.hyresult.com/athlete/david-kadio-morokro,50_54,700,23,4767,https://www.hyresult.com/result/LR3MS4JI309AE1,true,5,18,30,4,4,35,31,306,268,251,388,239,287,106,285,452
chicago_2025,pro_men,Nathan Dosanjh,nathan-dosanjh,https://www.hyresult.com/athlete/nathan-dosanjh,45_49,701,53,4769,https://www.hyresult.com/result/LR3MS4JI309DF3,true,4,14,27,3,4,24,24,299,256,290,558,221,265,137,265,436
chicago_2025,pro_men,Gianluca Delvillani,gianluca-delvillani,https://www.hyresult.com/athlete/gianluca-delvillani,50_54,702,24,4771,https://www.hyresult.com/result/LR3MS4JI3097E6,true,6,23,37,5,3,36,27,329,255,248,338,273,266,106,247,354
chicago_2025,pro_men,Andrea Riccardo Tessarin,andrea-riccardo-tessarin,https://www.hyresult.com/athlete/andrea-riccardo-tessarin,45_49,703,54,4780,https://www.hyresult.com/result/LR3MS4JI309F1A,true,4,16,30,3,3,24,22,331,255,192,449,270,278,124,272,381
chicago_2025,pro_men,Simon O'Regan,simon-o-regan,https://www.hyresult.com/athlete/simon-o-regan,50_54,704,25,4784,https://www.hyresult.com/result/LR3MS4JI309689,true,4,15,30,2,3,22,24,335,249,224,342,309,259,142,323,501
chicago_2025,pro_men,Chris Mills,chris-mills,https://www.hyresult.com/athlete/chris-mills,45_49,705,55,4785,https://www.hyresult.com/result/LR3MS4JI3315D3,true,5,16,29,4,3,34,23,313,253,192,454,288,262,124,366,441
chicago_2025,pro_men,Tarek Barky,tarek-barky,https://www.hyresult.com/athlete/tarek-barky,40_44,706,117,4785,https://www.hyresult.com/result/LR3MS4JI309673,true,4,14,27,4,6,25,20,285,246,284,364,296,270,128,253,666
chicago_2025,pro_men,Jonathan Eames,jonathan-eames,https://www.hyresult.com/athlete/jonathan-eames,40_44,707,118,4785,https://www.hyresult.com/result/LR3MS4JI309E54,true,5,16,30,3,3,27,34,337,251,279,411,247,273,130,335,427
chicago_2025,pro_men,Bram Van Osch,bram-van-osch,https://www.hyresult.com/athlete/bram-van-osch,40_44,708,119,4787,https://www.hyresult.com/result/LR3MS4JI3315DB,true,4,15,30,4,3,32,29,317,259,191,444,286,290,185,283,431
chicago_2025,pro_men,Chandler Sciara,chandler-sciara,https://www.hyresult.com/athlete/chandler-sciara,25_29,709,126,4788,https://www.hyresult.com/result/LR3MS4JI331613,true,4,16,34,3,3,32,25,290,249,348,428,240,249,164,240,319
chicago_2025,pro_men,Erben Wennemars,erben-wennemars,https://www.hyresult.com/athlete/erben-wennemars,45_49,710,56,4790,https://www.hyresult.com/result/LR3MS4JI309850,true,5,15,28,4,4,22,26,293,239,159,499,228,254,185,184,717
chicago_2025,pro_men,Ben Renard,unknown,unknown,40_44,711,120,4793,https://www.hyresult.com/result/LR3MS4JI309E7C,false,0,0,0,0,0,0,0,0,0,0,0,0,0,0,0,0
chicago_2025,pro_men,Ian Campbell,ian-campbell,https://www.hyresult.com/athlete/ian-campbell,45_49,712,57,4794,https://www.hyresult.com/result/LR3MS4JI309EF6,true,4,17,35,3,3,27,22,300,251,315,285,287,258,115,318,334
chicago_2025,pro_men,Guy Morlak,guy-morlak,https://www.hyresult.com/athlete/guy-morlak,50_54,713,26,4794,https://www.hyresult.com/result/LR3MS4JI3094CD,true,4,20,33,4,3,32,30,350,246,178,343,243,262,124,236,424
chicago_2025,pro_men,Alfie Sheridan,alfie-sheridan,https://www.hyresult.com/athlete/alfie-sheridan,unknown,714,116,4797,https://www.hyresult.com/result/LR3MS4JI309601,true,4,15,28,3,3,35,28,310,253,195,420,255,284,126,379,457
chicago_2025,pro_men,Luca Palla,luca-palla,https://www.hyresult.com/athlete/luca-palla,45_49,715,58,4799,https://www.hyresult.com/result/LR3MS4JI309557,true,4,17,31,3,7,25,25,307,251,215,464,355,278,93,268,415
chicago_2025,pro_men,Ewin Teo,ewin-teo,https://www.hyresult.com/athlete/ewin-teo,40_44,716,121,4801,https://www.hyresult.com/result/LR3MS4JI309C32,true,4,16,30,4,4,33,26,297,264,270,456,262,272,149,301,381
chicago_2025,pro_men,Ben Kunzel,ben-kunzel,https://www.hyresult.com/athlete/ben-kunzel,35_39,717,123,4808,https://www.hyresult.com/result/LR3MS4JI331601,true,4,16,30,4,3,27,29,295,258,228,386,386,258,112,329,379
chicago_2025,pro_men,Pierre Ruiz,pierre-ruiz,https://www.hyresult.com/athlete/pierre-ruiz,30_34,718,140,4809,https://www.hyresult.com/result/LR3MS4JI30975C,true,4,14,29,27,3,28,22,318,246,233,441,291,275,154,257,471
chicago_2025,pro_men,Thilo Schmalkoke,thilo-schmalkoke,https://www.hyresult.com/athlete/thilo-schmalkoke,50_54,719,27,4816,https://www.hyresult.com/result/LR3MS4JI309D1F,true,6,36,31,4,4,33,23,335,247,278,285,256,265,125,267,464
chicago_2025,pro_men,Jose Romero,jose-romero,https://www.hyresult.com/athlete/jose-romero,35_39,720,124,4819,https://www.hyresult.com/result/LR3MS4JI3099AD,true,5,15,33,9,3,24,24,278,259,237,406,266,270,112,253,398
chicago_2025,pro_men,Juan Valdez,juan-valdez,https://www.hyresult.com/athlete/juan-valdez,45_49,721,59,4821,https://www.hyresult.com/result/LR3MS4JI30964A,true,5,17,29,4,2,37,30,279,241,373,385,299,265,136,323,466
chicago_2025,pro_men,Guillaume Besnouin,guillaume-besnouin,https://www.hyresult.com/athlete/guillaume-besnouin,40_44,722,122,4822,https://www.hyresult.com/result/LR3MS4JI309333,true,5,15,30,4,2,28,26,283,231,222,391,242,261,120,216,863
chicago_2025,pro_men,Florent Nelain,florent-nelain,https://www.hyresult.com/athlete/florent-nelain,50_54,723,28,4831,https://www.hyresult.com/result/LR3MS4JI3097C8,true,5,22,36,4,4,29,27,312,253,205,376,333,278,159,339,431
chicago_2025,pro_men,James Wilson,james-wilson,https://www.hyresult.com/athlete/james-wilson,45_49,724,60,4846,https://www.hyresult.com/result/LR3MS4JI3097AA,true,5,15,31,5,3,36,28,282,261,264,499,305,271,151,298,490
chicago_2025,pro_men,Laurent Mareschal,laurent-mareschal,https://www.hyresult.com/athlete/laurent-mareschal,50_54,725,29,4846,https://www.hyresult.com/result/LR3MS4JI309543,true,4,20,33,4,3,29,22,312,254,271,410,267,266,110,278,544
chicago_2025,pro_men,David Madina De Salustiano,david-madina-de-salustiano,https://www.hyresult.com/athlete/david-madina-de-salustiano,55_59,726,9,4850,https://www.hyresult.com/result/LR3MS4JI309365,true,5,16,34,3,3,23,33,347,254,289,383,271,269,126,274,310
chicago_2025,pro_men,Radoslaw Koczwara,radoslaw-koczwara,https://www.hyresult.com/athlete/radoslaw-koczwara,40_44,727,123,4857,https://www.hyresult.com/result/LR3MS4JI3093B1,true,5,16,34,5,3,28,31,302,248,226,355,358,264,123,316,570
chicago_2025,pro_men,Jason Keith,jason-keith,https://www.hyresult.com/athlete/jason-keith,55_59,728,10,4858,https://www.hyresult.com/result/LR3MS4JI309352,true,4,17,32,3,3,26,27,320,252,175,356,236,262,123,312,613
chicago_2025,pro_men,Michael Casey O' Shea,michael-casey-o-shea,https://www.hyresult.com/athlete/michael-casey-o-shea,45_49,729,61,4861,https://www.hyresult.com/result/LR3MS4JI309811,true,5,16,31,4,3,30,24,361,249,191,389,294,271,186,211,468
chicago_2025,pro_men,David Miller,david-miller,https://www.hyresult.com/athlete/david-miller,45_49,730,62,4865,https://www.hyresult.com/result/LR3MS4JI309357,true,5,16,31,4,3,27,26,336,253,326,411,298,258,138,305,450
chicago_2025,pro_men,Rodrigo Ramirez,rodrigo-ramirez,https://www.hyresult.com/athlete/rodrigo-ramirez,45_49,731,63,4874,https://www.hyresult.com/result/LR3MS4JI309429,true,4,17,31,5,5,44,37,316,254,251,524,237,289,137,315,374
chicago_2025,pro_men,Daniel Ng,daniel-ng,https://www.hyresult.com/athlete/daniel-ng,25_29,732,127,4886,https://www.hyresult.com/result/LR3MS4JI309449,true,4,15,31,3,3,26,22,287,277,369,396,263,285,156,362,454
chicago_2025,pro_men,Claude Charchaude,claude-charchaude,https://www.hyresult.com/athlete/claude-charchaude,50_54,733,30,4899,https://www.hyresult.com/result/LR3MS4JI309C18,true,4,17,32,5,3,29,28,302,272,238,352,253,286,161,333,453
chicago_2025,pro_men,Christian Fendt,christian-fendt,https://www.hyresult.com/athlete/christian-fendt,35_39,734,125,4900,https://www.hyresult.com/result/LR3MS4JI309854,true,4,14,30,4,2,26,20,404,248,269,431,224,273,91,312,391
chicago_2025,pro_men,Scott Dias,scott-dias,https://www.hyresult.com/athlete/scott-dias,40_44,735,124,4918,https://www.hyresult.com/result/LR3MS4JI3099B9,true,5,18,31,4,3,25,31,314,255,200,357,336,267,129,396,506
chicago_2025,pro_men,Chad Mcclellan,chad-mcclellan,https://www.hyresult.com/athlete/chad-mcclellan,50_54,736,31,4919,https://www.hyresult.com/result/LR3MS4JI3098D0,true,5,18,33,4,3,37,27,351,245,191,292,316,272,112,355,370
chicago_2025,pro_men,Roland Janisiw,roland-janisiw,https://www.hyresult.com/athlete/roland-janisiw,45_49,737,64,4920,https://www.hyresult.com/result/LR3MS4JI309A9C,true,5,18,33,4,10,33,32,326,261,291,401,218,283,117,310,482
chicago_2025,pro_men,Oliver Marks,oliver-marks,https://www.hyresult.com/athlete/oliver-marks,30_34,738,141,4928,https://www.hyresult.com/result/LR3MS4JI309952,true,4,14,27,2,3,31,22,282,255,347,517,247,267,180,305,495
chicago_2025,pro_men,Arto Isotalo,arto-isotalo,https://www.hyresult.com/athlete/arto-isotalo,50_54,739,32,4929,https://www.hyresult.com/result/LR3MS4JI30994A,true,5,17,30,3,5,28,22,315,268,219,364,292,277,130,346,454
chicago_2025,pro_men,George Adkinson,george-adkinson,https://www.hyresult.com/athlete/george-adkinson,unknown,740,117,4931,https://www.hyresult.com/result/LR3MS4JI309DB6,true,4,17,33,4,3,40,24,351,267,234,351,277,273,132,319,383
chicago_2025,pro_men,Eduardo Manrique De Lara,eduardo-manrique-de-lara,https://www.hyresult.com/athlete/eduardo-manrique-de-lara,50_54,741,33,4935,https://www.hyresult.com/result/LR3MS4JI309C0C,true,5,15,36,4,3,33,30,308,255,252,446,292,275,106,305,437
chicago_2025,pro_men,Steven Jenner,steven-jenner,https://www.hyresult.com/athlete/steven-jenner,40_44,742,125,4940,https://www.hyresult.com/result/LR3MS4JI309BA7,true,4,16,31,5,3,31,26,337,255,333,369,352,267,150,309,393
chicago_2025,pro_men,Darek Thomas,darek-thomas,https://www.hyresult.com/athlete/darek-thomas,50_54,743,34,4945,https://www.hyresult.com/result/LR3MS4JI309353,true,4,16,32,4,32,34,30,284,236,324,366,257,256,148,378,592
chicago_2025,pro_men,Steven Price,steven-price,https://www.hyresult.com/athlete/steven-price,50_54,744,35,4945,https://www.hyresult.com/result/LR3MS4JI309437,true,4,15,26,2,127,555,484,297,249,351,266,231,260,171,279,432
chicago_2025,pro_men,Jeff Meeks,jeff-meeks,https://www.hyresult.com/athlete/jeff-meeks,55_59,745,11,4949,https://www.hyresult.com/result/LR3MS4JI3097E1,true,5,25,40,12,5,34,28,345,254,231,353,281,271,147,332,305
chicago_2025,pro_men,Paul Gillingham,paul-gillingham,https://www.hyresult.com/athlete/paul-gillingham,45_49,746,65,4951,https://www.hyresult.com/result/LR3MS4JI30980E,true,5,17,30,5,3,27,24,349,260,188,353,314,276,152,320,536
chicago_2025,pro_men,Nicolas Renaire,nicolas-renaire,https://www.hyresult.com/athlete/nicolas-renaire,40_44,747,126,4953,https://www.hyresult.com/result/LR3MS4JI309574,true,4,15,28,5,3,30,25,308,259,257,406,306,274,120,291,377
chicago_2025,pro_men,David Ludwig,david-ludwig,https://www.hyresult.com/athlete/david-ludwig,40_44,748,127,4961,https://www.hyresult.com/result/LR3MS4JI30932E,true,5,16,31,4,4,29,30,344,240,246,372,339,274,117,319,433
chicago_2025,pro_men,Peter Williams,peter-williams,https://www.hyresult.com/athlete/peter-williams,45_49,749,66,4964,https://www.hyresult.com/result/LR3MS4JI30974F,true,5,15,33,4,2,28,25,280,244,598,370,265,292,123,289,569
chicago_2025,pro_men,Ruurd Van Der Berg,ruurd-van-der-berg,https://www.hyresult.com/athlete/ruurd-van-der-berg,45_49,750,67,4967,https://www.hyresult.com/result/LR3MS4JI324143,true,4,16,35,4,3,27,28,300,256,218,422,317,279,161,335,539
chicago_2025,pro_men,Anastasi Kim,anastasi-kim,https://www.hyresult.com/athlete/anastasi-kim,40_44,751,128,4968,https://www.hyresult.com/result/LR3MS4JI3099C6,true,4,15,27,3,2,35,80,308,259,406,427,258,265,185,338,424
chicago_2025,pro_men,Jason Rylance,jason-rylance,https://www.hyresult.com/athlete/jason-rylance,50_54,752,36,4984,https://www.hyresult.com/result/LR3MS4JI309DAD,true,5,17,30,4,3,31,27,323,259,320,419,303,279,115,287,476
chicago_2025,pro_men,Andreas Niewerth,andreas-niewerth,https://www.hyresult.com/athlete/andreas-niewerth,45_49,753,68,4986,https://www.hyresult.com/result/LR3MS4JI309375,true,4,17,29,3,3,21,26,307,259,264,398,338,276,129,371,589
chicago_2025,pro_men,Dale Berrie,dale-berrie,https://www.hyresult.com/athlete/dale-berrie,55_59,754,12,4989,https://www.hyresult.com/result/LR3MS4JI30950D,true,5,17,31,17,4,23,24,476,257,172,268,384,266,122,385,405
chicago_2025,pro_men,Sébastien Rajkowski,sebastien-rajkowski,https://www.hyresult.com/athlete/sebastien-rajkowski,30_34,755,142,4991,https://www.hyresult.com/result/LR3MS4JI309D04,true,4,13,25,4,3,30,25,233,248,427,775,256,273,161,347,605
chicago_2025,pro_men,Hicham Afkir,hicham-afkir,https://www.hyresult.com/athlete/hicham-afkir,40_44,756,129,5002,https://www.hyresult.com/result/LR3MS4JI30932B,true,5,16,30,23,3,23,22,307,247,433,332,300,271,260,329,437
chicago_2025,pro_men,Olly Luck,olly-luck,https://www.hyresult.com/athlete/olly-luck,unknown,757,118,5007,https://www.hyresult.com/result/LR3MS4JI30958E,true,5,15,37,4,4,35,29,292,259,395,478,265,285,180,301,428
chicago_2025,pro_men,Daniel Schloesser,daniel-schloesser,https://www.hyresult.com/athlete/daniel-schloesser,45_49,758,69,5007,https://www.hyresult.com/result/LR3MS4JI309B00,true,5,16,32,5,5,37,30,325,255,342,367,312,277,114,293,549
chicago_2025,pro_men,Stuart Starkey,stuart-starkey,https://www.hyresult.com/athlete/stuart-starkey,45_49,759,70,5012,https://www.hyresult.com/result/LR3MS4JI309EDA,true,5,20,41,6,5,36,34,323,263,223,371,316,277,127,338,541
chicago_2025,pro_men,Israel Aldana,israel-aldana,https://www.hyresult.com/athlete/israel-aldana,45_49,760,71,5017,https://www.hyresult.com/result/LR3MS4JI3095AF,true,4,15,31,3,3,34,21,273,245,382,602,215,272,120,384,557
chicago_2025,pro_men,Conor Breen,conor-breen,https://www.hyresult.com/athlete/conor-breen,35_39,761,126,5023,https://www.hyresult.com/result/LR3MS4JI3315DE,true,4,14,25,3,2,30,20,284,254,267,668,282,276,96,274,777
chicago_2025,pro_men,Ryan Cheung,ryan-cheung,https://www.hyresult.com/athlete/ryan-cheung,30_34,762,143,5024,https://www.hyresult.com/result/LR3MS4JI3097C9,true,4,13,24,3,3,21,19,289,254,216,985,213,283,139,318,418
chicago_2025,pro_men,Ross Mckenzie,ross-mckenzie,https://www.hyresult.com/athlete/ross-mckenzie,45_49,763,72,5026,https://www.hyresult.com/result/LR3MS4JI30968F,true,4,16,31,4,3,25,27,332,256,160,446,361,284,114,248,570
chicago_2025,pro_men,Darren Burke,darren-burke,https://www.hyresult.com/athlete/darren-burke,45_49,764,73,5034,https://www.hyresult.com/result/LR3MS4JI309954,true,4,15,28,4,3,31,27,293,250,373,453,413,295,104,297,517
chicago_2025,pro_men,Daniel King,daniel-king,https://www.hyresult.com/athlete/daniel-king,40_44,765,130,5044,https://www.hyresult.com/result/LR3MS4JI309D62,true,5,16,27,3,3,29,25,328,248,223,578,250,269,114,390,514
chicago_2025,pro_men,Dan lampard,dan-lampard,https://www.hyresult.com/athlete/dan-lampard,45_49,766,74,5045,https://www.hyresult.com/result/LR3MS4JI309DFC,true,5,20,36,5,6,33,37,336,243,225,444,385,269,109,343,376
chicago_2025,pro_men,Oscar de Smit,oscar-de-smit,https://www.hyresult.com/athlete/oscar-de-smit,50_54,767,37,5051,https://www.hyresult.com/result/LR3MS4JI309869,true,5,17,29,5,3,29,32,333,249,193,502,300,264,156,334,533
chicago_2025,pro_men,Maximilian Wagner,maximilian-wagner,https://www.hyresult.com/athlete/maximilian-wagner,50_54,768,38,5054,https://www.hyresult.com/result/LR3MS4JI32412A,true,5,16,30,5,3,26,24,325,241,334,342,292,253,170,290,628
chicago_2025,pro_men,Tristan Kent,tristan-kent,https://www.hyresult.com/athlete/tristan-kent,45_49,769,75,5059,https://www.hyresult.com/result/LR3MS4JI309470,true,4,16,31,5,3,36,28,281,251,387,504,358,274,119,329,509
chicago_2025,pro_men,Matthias Jacobi,matthias-jacobi,https://www.hyresult.com/athlete/matthias-jacobi,40_44,770,131,5060,https://www.hyresult.com/result/LR3MS4JI30932D,true,5,20,37,4,3,36,28,399,276,235,295,254,292,95,249,464
chicago_2025,pro_men,Ulrik Helms,ulrik-helms,https://www.hyresult.com/athlete/ulrik-helms,50_54,771,39,5068,https://www.hyresult.com/result/LR3MS4JI3098B6,true,5,22,33,4,3,28,23,362,268,224,325,291,271,142,313,394
chicago_2025,pro_men,Joshua Gahan,unknown,unknown,unknown,772,119,5071,https://www.hyresult.com/result/LR3MS4JI331626,false,0,0,0,0,0,0,0,0,0,0,0,0,0,0,0,0
chicago_2025,pro_men,Pierre Naude,pierre-naude,https://www.hyresult.com/athlete/pierre-naude,45_49,773,76,5081,https://www.hyresult.com/result/LR3MS4JI30994B,true,5,18,34,5,4,31,40,340,246,240,467,370,267,142,313,383
chicago_2025,pro_men,Eoin Carroll,eoin-carroll,https://www.hyresult.com/athlete/eoin-carroll,40_44,774,132,5100,https://www.hyresult.com/result/LR3MS4JI30954C,true,5,16,30,3,3,27,21,323,250,303,380,260,272,131,278,423
chicago_2025,pro_men,Arthur Mellors,arthur-mellors,https://www.hyresult.com/athlete/arthur-mellors,40_44,775,133,5100,https://www.hyresult.com/result/LR3MS4JI30947A,true,5,18,34,4,3,30,26,359,276,217,346,315,276,143,358,484
chicago_2025,pro_men,Conor Laverty,unknown,unknown,45_49,776,77,5101,https://www.hyresult.com/result/LR3MS4JI309E6D,false,0,0,0,0,0,0,0,0,0,0,0,0,0,0,0,0
chicago_2025,pro_men,Christophe Rojo,christophe-rojo,https://www.hyresult.com/athlete/christophe-rojo,55_59,777,13,5108,https://www.hyresult.com/result/LR3MS4JI309A66,true,4,18,37,4,9,39,47,339,258,319,417,337,275,109,348,421
chicago_2025,pro_men,Leo Armenta,leo-armenta,https://www.hyresult.com/athlete/leo-armenta,30_34,778,144,5111,https://www.hyresult.com/result/LR3MS4JI309E9D,true,4,14,27,3,3,27,18,608,258,272,475,239,277,137,328,481
chicago_2025,pro_men,Jens Slater,jens-slater,https://www.hyresult.com/athlete/jens-slater,45_49,779,78,5112,https://www.hyresult.com/result/LR3MS4JI3097DF,true,4,17,33,4,3,32,24,329,255,269,555,277,278,148,298,430
chicago_2025,pro_men,Matt Moosavian,matt-moosavian,https://www.hyresult.com/athlete/matt-moosavian,30_34,780,145,5118,https://www.hyresult.com/result/LR3MS4JI3099A3,true,5,28,40,8,5,42,36,453,262,197,399,279,278,113,368,352
chicago_2025,pro_men,Masahiro Kawashima,masahiro-kawashima,https://www.hyresult.com/athlete/masahiro-kawashima,40_44,781,134,5118,https://www.hyresult.com/result/LR3MS4JI3315D1,true,5,18,40,18,15,30,26,328,266,316,598,270,286,136,237,447
chicago_2025,pro_men,Paul Eacott,paul-eacott,https://www.hyresult.com/athlete/paul-eacott,45_49,782,79,5119,https://www.hyresult.com/result/LR3MS4JI309BDD,true,5,15,29,4,3,28,21,378,245,327,540,280,270,138,307,419
chicago_2025,pro_men,Jason Skillicorn,jason-skillicorn,https://www.hyresult.com/athlete/jason-skillicorn,50_54,783,41,5125,https://www.hyresult.com/result/LR3MS4JI30997F,true,5,17,31,12,3,26,20,261,259,298,619,303,285,161,335,621
chicago_2025,pro_men,Marc Fallows,marc-fallows,https://www.hyresult.com/athlete/marc-fallows,50_54,784,40,5125,https://www.hyresult.com/result/LR3MS4JI309E30,true,4,14,28,12,3,26,38,290,244,309,371,400,270,144,338,789
chicago_2025,pro_men,Brent Ward,brent-ward,https://www.hyresult.com/athlete/brent-ward,50_54,785,42,5131,https://www.hyresult.com/result/LR3MS4JI331600,true,4,16,30,4,3,28,24,335,244,169,439,357,272,163,433,460
chicago_2025,pro_men,Verschuere Lode Luc,verschuere-lode-luc,https://www.hyresult.com/athlete/verschuere-lode-luc,45_49,786,80,5135,https://www.hyresult.com/result/LR3MS4JI3094C0,true,5,19,36,4,3,27,25,362,253,264,349,375,260,138,367,346
chicago_2025,pro_men,Neil O’Brien,neil-obrien,https://www.hyresult.com/athlete/neil-obrien,50_54,787,43,5140,https://www.hyresult.com/result/LR3MS4JI3095E0,true,4,17,31,4,3,25,27,332,254,244,391,313,272,146,373,584
chicago_2025,pro_men,Steve Hoather,steve-hoather,https://www.hyresult.com/athlete/steve-hoather,55_59,788,14,5153,https://www.hyresult.com/result/LR3MS4JI3095E6,true,5,15,31,4,3,30,28,284,253,404,460,289,280,209,286,694
chicago_2025,pro_men,Mario Hollmann,mario-hollmann,https://www.hyresult.com/athlete/mario-hollmann,55_59,789,15,5161,https://www.hyresult.com/result/LR3MS4JI309D1E,true,4,16,31,4,3,23,23,344,259,227,402,280,279,166,430,571
chicago_2025,pro_men,Colm Dawson,colm-dawson,https://www.hyresult.com/athlete/colm-dawson,35_39,790,127,5161,https://www.hyresult.com/result/LR3MS4JI309AB0,true,4,16,30,5,3,28,25,308,244,342,627,268,275,158,281,474
chicago_2025,pro_men,Daniel Sevilla,daniel-sevilla,https://www.hyresult.com/athlete/daniel-sevilla,50_54,791,44,5162,https://www.hyresult.com/result/LR3MS4JI3093EF,true,4,15,30,3,3,38,21,316,252,551,381,279,291,180,330,524
chicago_2025,pro_men,Gerard Protomastro,gerard-protomastro,https://www.hyresult.com/athlete/gerard-protomastro,45_49,792,81,5162,https://www.hyresult.com/result/LR3MS4JI309D5F,true,5,18,32,3,4,28,25,323,264,443,405,206,270,112,361,503
chicago_2025,pro_men,Thomas Brauch,thomas-brauch,https://www.hyresult.com/athlete/thomas-brauch,55_59,793,16,5164,https://www.hyresult.com/result/LR3MS4JI309AFC,true,5,16,29,5,3,29,24,334,253,400,337,322,256,107,353,612
chicago_2025,pro_men,Alexander Gaugler,alexander-gaugler,https://www.hyresult.com/athlete/alexander-gaugler,50_54,794,45,5176,https://www.hyresult.com/result/LR3MS4JI30955F,true,4,18,32,9,4,32,38,418,254,336,367,329,283,126,306,404
chicago_2025,pro_men,Eduard Pogea,eduard-pogea,https://www.hyresult.com/athlete/eduard-pogea,40_44,795,135,5179,https://www.hyresult.com/result/LR3MS4JI309C28,true,5,18,30,3,13,30,23,362,246,486,324,283,269,129,336,387
chicago_2025,pro_men,Junhyuk Lee,junhyuk-lee,https://www.hyresult.com/athlete/junhyuk-lee,30_34,796,146,5184,https://www.hyresult.com/result/LR3MS4JI309CED,true,5,15,34,4,3,38,74,315,256,444,572,169,297,184,269,512
chicago_2025,pro_men,Ashley Badcock,ashley-badcock,https://www.hyresult.com/athlete/ashley-badcock,50_54,797,46,5186,https://www.hyresult.com/result/LR3MS4JI309A1F,true,5,16,27,4,3,42,29,324,248,297,452,356,275,113,370,593
chicago_2025,pro_men,Thierry Lacaza,thierry-lacaza,https://www.hyresult.com/athlete/thierry-lacaza,50_54,798,47,5190,https://www.hyresult.com/result/LR3MS4JI309488,true,5,19,42,4,15,31,37,340,258,246,255,457,266,105,294,557
chicago_2025,pro_men,Joe Rideout,joe-rideout,https://www.hyresult.com/athlete/joe-rideout,45_49,799,82,5193,https://www.hyresult.com/result/LR3MS4JI331618,true,4,17,33,3,3,27,29,307,252,223,474,311,284,89,345,640
chicago_2025,pro_men,业进 盘,ye-jin-pan,https://www.hyresult.com/athlete/ye-jin-pan,unknown,800,120,5212,https://www.hyresult.com/result/LR3MS4JI3097EB,true,4,15,34,4,108,70,53,293,257,429,445,280,333,157,341,351
chicago_2025,pro_men,Mikael Munday,mikael-munday,https://www.hyresult.com/athlete/mikael-munday,40_44,801,136,5214,https://www.hyresult.com/result/LR3MS4JI309CDB,true,5,17,37,4,4,36,45,602,251,237,368,272,272,156,350,396
chicago_2025,pro_men,Joe Ward,unknown,unknown,50_54,802,48,5216,https://www.hyresult.com/result/LR3MS4JI3094E0,false,0,0,0,0,0,0,0,0,0,0,0,0,0,0,0,0
chicago_2025,pro_men,Joël Ricaud,joel-ricaud,https://www.hyresult.com/athlete/joel-ricaud,45_49,803,83,5224,https://www.hyresult.com/result/LR3MS4JI309455,true,5,18,32,5,3,28,38,346,258,226,408,342,273,131,378,626
chicago_2025,pro_men,Wooch Graff,unknown,unknown,50_54,804,49,5226,https://www.hyresult.com/result/LR3MS4JI309B31,false,0,0,0,0,0,0,0,0,0,0,0,0,0,0,0,0
chicago_2025,pro_men,Máximo Verá Solis,maximo-vera-solis,https://www.hyresult.com/athlete/maximo-vera-solis,unknown,805,121,5233,https://www.hyresult.com/result/LR3MS4JI3094B1,true,4,17,41,4,4,50,39,342,260,198,481,312,305,128,319,465
chicago_2025,pro_men,Olaf Hadler,olaf-hadler,https://www.hyresult.com/athlete/olaf-hadler,55_59,806,17,5238,https://www.hyresult.com/result/LR3MS4JI30942D,true,5,16,30,5,3,34,29,320,245,349,541,333,274,171,310,455
chicago_2025,pro_men,Julian Kuppler,julian-kuppler,https://www.hyresult.com/athlete/julian-kuppler,45_49,807,84,5243,https://www.hyresult.com/result/LR3MS4JI309E72,true,4,15,28,4,4,39,53,340,271,230,435,313,290,167,427,622
chicago_2025,pro_men,Jonas Plogner,jonas-plogner,https://www.hyresult.com/athlete/jonas-plogner,55_59,808,18,5254,https://www.hyresult.com/result/LR3MS4JI309B73,true,5,17,33,3,3,33,31,312,247,230,399,368,271,192,341,700
chicago_2025,pro_men,Zach Cygan,zach-cygan,https://www.hyresult.com/athlete/zach-cygan,unknown,809,122,5260,https://www.hyresult.com/result/LR3MS4JI309AE3,true,4,13,29,4,3,39,54,250,259,375,1129,172,267,193,262,529
chicago_2025,pro_men,Fred Massouf,fred-massouf,https://www.hyresult.com/athlete/fred-massouf,55_59,810,19,5262,https://www.hyresult.com/result/LR3MS4JI30999F,true,5,18,40,5,4,32,35,315,259,328,396,325,289,117,396,586
chicago_2025,pro_men,Michael Wiechert,michael-wiechert,https://www.hyresult.com/athlete/michael-wiechert,50_54,811,50,5277,https://www.hyresult.com/result/LR3MS4JI309BF0,true,4,15,28,4,3,26,30,326,266,216,563,395,277,130,281,562
chicago_2025,pro_men,John Philibert,john-philibert,https://www.hyresult.com/athlete/john-philibert,50_54,812,51,5304,https://www.hyresult.com/result/LR3MS4JI331632,true,5,20,38,3,4,30,24,388,252,218,360,381,257,137,321,381
chicago_2025,pro_men,Mario Gonzalez Altube,mario-gonzalez-altube,https://www.hyresult.com/athlete/mario-gonzalez-altube,35_39,813,128,5309,https://www.hyresult.com/result/LR3MS4JI3095FF,true,5,19,34,7,4,33,26,326,258,366,394,339,293,148,353,517
chicago_2025,pro_men,Jason Wood,jason-wood,https://www.hyresult.com/athlete/jason-wood,40_44,814,137,5315,https://www.hyresult.com/result/LR3MS4JI309948,true,5,16,34,4,4,22,32,325,255,328,391,326,283,193,300,604
chicago_2025,pro_men,Konstantinos Chouvardas,konstantinos-chouvardas,https://www.hyresult.com/athlete/konstantinos-chouvardas,45_49,815,85,5316,https://www.hyresult.com/result/LR3MS4JI3096DD,true,4,14,27,3,3,24,22,287,273,557,558,303,277,88,278,648
chicago_2025,pro_men,Sergio Bertolazzi,sergio-bertolazzi,https://www.hyresult.com/athlete/sergio-bertolazzi,55_59,816,20,5319,https://www.hyresult.com/result/LR3MS4JI3097CC,true,5,19,33,3,3,31,46,355,262,256,320,327,280,105,396,508
chicago_2025,pro_men,Marko Ahnert,marko-ahnert,https://www.hyresult.com/athlete/marko-ahnert,50_54,817,52,5323,https://www.hyresult.com/result/LR3MS4JI30968E,true,5,19,37,7,3,33,53,398,262,279,345,340,289,145,445,369
chicago_2025,pro_men,Douglas Roos,douglas-roos,https://www.hyresult.com/athlete/douglas-roos,55_59,818,21,5327,https://www.hyresult.com/result/LR3MS4JI309BAF,true,5,20,39,4,3,30,27,330,276,302,525,323,284,158,357,450
chicago_2025,pro_men,Mario Bodas Martinez,mario-bodas-martinez,https://www.hyresult.com/athlete/mario-bodas-martinez,45_49,819,86,5342,https://www.hyresult.com/result/LR3MS4JI309328,true,8,15,35,4,4,30,25,305,249,265,682,301,263,171,268,492
chicago_2025,pro_men,Ross Moorhead,ross-moorhead,https://www.hyresult.com/athlete/ross-moorhead,45_49,820,87,5358,https://www.hyresult.com/result/LR3MS4JI30970B,true,5,22,37,4,11,43,31,410,251,234,391,309,270,93,357,443
chicago_2025,pro_men,Arno Peek,arno-peek,https://www.hyresult.com/athlete/arno-peek,50_54,821,53,5361,https://www.hyresult.com/result/LR3MS4JI324147,true,5,17,30,3,3,39,26,309,249,294,464,311,270,109,316,868
chicago_2025,pro_men,Sean Mccabe,sean-mccabe,https://www.hyresult.com/athlete/sean-mccabe,55_59,822,22,5380,https://www.hyresult.com/result/LR3MS4JI309625,true,5,19,30,4,5,36,38,302,275,403,457,346,293,133,355,507
chicago_2025,pro_men,David Fischer,david-fischer,https://www.hyresult.com/athlete/david-fischer,40_44,823,138,5402,https://www.hyresult.com/result/LR3MS4JI309AA2,true,5,16,28,3,3,28,22,360,257,246,508,348,273,138,347,678
chicago_2025,pro_men,Adam Zucco,adam-zucco,https://www.hyresult.com/athlete/adam-zucco,45_49,824,88,5420,https://www.hyresult.com/result/LR3MS4JI30965A,true,4,16,35,4,3,32,30,307,251,365,485,326,277,96,387,781
chicago_2025,pro_men,Saúl Puerta,saul-puerta,https://www.hyresult.com/athlete/saul-puerta,50_54,825,54,5422,https://www.hyresult.com/result/LR3MS4JI309428,true,5,17,41,7,3,33,34,326,282,185,438,367,311,193,397,697
chicago_2025,pro_men,James Whitman,james-whitman,https://www.hyresult.com/athlete/james-whitman,45_49,826,89,5470,https://www.hyresult.com/result/LR3MS4JI309A50,true,5,18,34,5,3,34,24,352,255,193,632,256,269,230,343,601
chicago_2025,pro_men,Raynald Choquet,raynald-choquet,https://www.hyresult.com/athlete/raynald-choquet,50_54,827,55,5472,https://www.hyresult.com/result/LR3MS4JI309BDE,true,5,17,31,3,3,29,37,368,257,328,370,388,269,138,315,621
chicago_2025,pro_men,Matt Gambles,matt-gambles,https://www.hyresult.com/athlete/matt-gambles,55_59,828,23,5491,https://www.hyresult.com/result/LR3MS4JI309D19,true,5,22,29,5,3,40,33,370,259,345,530,343,286,132,385,512
chicago_2025,pro_men,Mike Caruso,mike-caruso,https://www.hyresult.com/athlete/mike-caruso,55_59,829,24,5503,https://www.hyresult.com/result/LR3MS4JI3096EC,true,5,20,36,6,4,31,49,347,257,334,403,320,275,173,362,562
chicago_2025,pro_men,Jeff Burns,jeff-burns,https://www.hyresult.com/athlete/jeff-burns,45_49,830,90,5510,https://www.hyresult.com/result/LR3MS4JI3093AD,true,5,19,34,7,5,37,31,394,257,334,363,340,283,119,366,571
chicago_2025,pro_men,Judd Legum,unknown,unknown,45_49,831,91,5515,https://www.hyresult.com/result/LR3MS4JI3095E7,false,0,0,0,0,0,0,0,0,0,0,0,0,0,0,0,0
chicago_2025,pro_men,Gerald Leger,gerald-leger,https://www.hyresult.com/athlete/gerald-leger,55_59,832,25,5528,https://www.hyresult.com/result/LR3MS4JI309A5F,true,4,17,39,10,4,48,58,314,275,293,560,323,288,134,389,617
chicago_2025,pro_men,Josh Perez,josh-perez,https://www.hyresult.com/athlete/josh-perez,40_44,833,139,5555,https://www.hyresult.com/result/LR3MS4JI309A3A,true,4,16,32,3,4,26,27,450,260,432,562,289,285,128,388,697
chicago_2025,pro_men,Scott Cosgrove,scott-cosgrove,https://www.hyresult.com/athlete/scott-cosgrove,50_54,834,56,5572,https://www.hyresult.com/result/LR3MS4JI309C39,true,5,20,33,3,3,29,29,394,264,234,532,295,283,96,401,658
chicago_2025,pro_men,Darren Cook,darren-cook,https://www.hyresult.com/athlete/darren-cook,50_54,835,57,5589,https://www.hyresult.com/result/LR3MS4JI309B3B,true,5,19,33,5,4,35,28,383,240,550,520,328,259,141,315,436
chicago_2025,pro_men,Jon Foreman,jon-foreman,https://www.hyresult.com/athlete/jon-foreman,50_54,836,58,5598,https://www.hyresult.com/result/LR3MS4JI3094A4,true,5,14,29,10,4,54,43,320,248,175,1082,374,295,185,320,442
chicago_2025,pro_men,Manuel Mair,manuel-mair,https://www.hyresult.com/athlete/manuel-mair,55_59,837,26,5614,https://www.hyresult.com/result/LR3MS4JI30997E,true,5,17,41,3,3,35,30,335,237,313,480,558,277,104,352,550
chicago_2025,pro_men,Andrew Charles,andrew-charles,https://www.hyresult.com/athlete/andrew-charles,55_59,838,27,5623,https://www.hyresult.com/result/LR3MS4JI309C7F,true,5,20,34,2,3,25,27,361,280,441,358,319,260,132,413,654
chicago_2025,pro_men,Mered Pryce,mered-pryce,https://www.hyresult.com/athlete/mered-pryce,50_54,839,59,5634,https://www.hyresult.com/result/LR3MS4JI309A3C,true,5,18,38,3,3,32,24,368,251,274,383,364,283,169,339,813
chicago_2025,pro_men,Patrick Wells,patrick-wells,https://www.hyresult.com/athlete/patrick-wells,45_49,840,92,5647,https://www.hyresult.com/result/LR3MS4JI309A15,true,4,18,33,7,6,40,38,464,262,359,352,367,296,187,359,489
chicago_2025,pro_men,Brian Rappert,unknown,unknown,50_54,841,60,5655,https://www.hyresult.com/result/LR3MS4JI309B5C,false,0,0,0,0,0,0,0,0,0,0,0,0,0,0,0,0
chicago_2025,pro_men,Paul Hamilton,paul-hamilton,https://www.hyresult.com/athlete/paul-hamilton,45_49,842,93,5669,https://www.hyresult.com/result/LR3MS4JI309DE9,true,5,18,36,6,4,29,27,386,247,332,400,375,274,178,390,628
chicago_2025,pro_men,Fazly Razali,fazly-razali,https://www.hyresult.com/athlete/fazly-razali,45_49,843,94,5697,https://www.hyresult.com/result/LR3MS4JI309D99,true,5,18,34,4,4,37,26,329,272,654,467,318,312,151,398,388
chicago_2025,pro_men,Francisco Javier Bermudez Sanchez,francisco-javier-bermudez-sanchez,https://www.hyresult.com/athlete/francisco-javier-bermudez-sanchez,50_54,844,61,5710,https://www.hyresult.com/result/LR3MS4JI3094C7,true,4,16,31,3,3,28,29,312,250,365,445,311,271,147,403,1144
chicago_2025,pro_men,Sean Michael Hammond,sean-michael-hammond,https://www.hyresult.com/athlete/sean-michael-hammond,50_54,845,62,5725,https://www.hyresult.com/result/LR3MS4JI32414B,true,5,29,32,4,3,42,42,367,261,412,425,427,297,167,448,446
chicago_2025,pro_men,Anastasios Ntatsis,anastasios-ntatsis,https://www.hyresult.com/athlete/anastasios-ntatsis,50_54,846,63,5734,https://www.hyresult.com/result/LR3MS4JI309EF0,true,5,19,34,4,3,40,36,376,264,265,426,406,288,125,396,655
chicago_2025,pro_men,Wesley Okerson,wesley-okerson,https://www.hyresult.com/athlete/wesley-okerson,45_49,847,95,5746,https://www.hyresult.com/result/LR3MS4JI3096F6,true,4,20,36,5,4,36,26,587,257,190,373,311,277,128,311,693
chicago_2025,pro_men,Brett Gibson,unknown,unknown,50_54,848,64,5764,https://www.hyresult.com/result/LR3MS4JI309372,false,0,0,0,0,0,0,0,0,0,0,0,0,0,0,0,0
chicago_2025,pro_men,Erich Rath,erich-rath,https://www.hyresult.com/athlete/erich-rath,55_59,849,28,5780,https://www.hyresult.com/result/LR3MS4JI30952B,true,5,17,37,4,4,37,30,394,262,308,536,370,296,147,383,536
chicago_2025,pro_men,Yoshi Manabe,unknown,unknown,40_44,850,140,5799,https://www.hyresult.com/result/LR3MS4JI309ABB,false,0,0,0,0,0,0,0,0,0,0,0,0,0,0,0,0
chicago_2025,pro_men,Frank de Groot,frank-de-groot,https://www.hyresult.com/athlete/frank-de-groot,55_59,851,29,5815,https://www.hyresult.com/result/LR3MS4JI309E8F,true,4,19,35,4,4,33,24,386,266,245,494,474,275,167,380,530
chicago_2025,pro_men,Thorsten Eckert,thorsten-eckert,https://www.hyresult.com/athlete/thorsten-eckert,45_49,852,96,5853,https://www.hyresult.com/result/LR3MS4JI30962B,true,5,16,31,3,4,35,27,372,265,353,465,350,284,254,373,757
chicago_2025,pro_men,Rob Marcelissen,unknown,unknown,55_59,853,30,5869,https://www.hyresult.com/result/LR3MS4JI309DA2,false,0,0,0,0,0,0,0,0,0,0,0,0,0,0,0,0
chicago_2025,pro_men,Volker Schmitz,volker-schmitz,https://www.hyresult.com/athlete/volker-schmitz,50_54,854,65,5871,https://www.hyresult.com/result/LR3MS4JI309691,true,5,16,28,5,7,36,29,294,249,823,683,378,271,120,339,645
chicago_2025,pro_men,Cristobal Murzeau Martin,cristobal-murzeau-martin,https://www.hyresult.com/athlete/cristobal-murzeau-martin,50_54,855,66,5898,https://www.hyresult.com/result/LR3MS4JI309752,true,5,17,32,5,5,36,39,373,268,250,612,353,299,130,532,537
chicago_2025,pro_men,Stewart Ellington,stewart-ellington,https://www.hyresult.com/athlete/stewart-ellington,50_54,856,67,5919,https://www.hyresult.com/result/LR3MS4JI309C8D,true,5,18,33,4,3,31,28,319,281,680,476,268,301,199,342,853
chicago_2025,pro_men,Manuel Diaz,manuel-diaz,https://www.hyresult.com/athlete/manuel-diaz,50_54,857,68,5920,https://www.hyresult.com/result/LR3MS4JI3093C9,true,5,21,37,5,3,37,35,323,258,372,539,416,287,145,714,617
chicago_2025,pro_men,Mark Blunden,mark-blunden,https://www.hyresult.com/athlete/mark-blunden,55_59,858,31,5997,https://www.hyresult.com/result/LR3MS4JI309668,true,5,20,35,5,3,32,31,361,259,458,659,304,281,214,309,726
chicago_2025,pro_men,Andy O'Brien,andy-o-brien,https://www.hyresult.com/athlete/andy-o-brien,50_54,859,69,6001,https://www.hyresult.com/result/LR3MS4JI3096FE,true,5,17,30,20,2,27,25,328,264,217,805,293,283,361,345,868
chicago_2025,pro_men,Paul Telford,paul-telford,https://www.hyresult.com/athlete/paul-telford,50_54,860,70,6016,https://www.hyresult.com/result/LR3MS4JI309819,true,5,19,36,5,5,38,35,376,265,379,486,498,294,146,450,558
chicago_2025,pro_men,Charles Nicoll,unknown,unknown,55_59,861,32,6027,https://www.hyresult.com/result/LR3MS4JI3093DF,false,0,0,0,0,0,0,0,0,0,0,0,0,0,0,0,0
chicago_2025,pro_men,Michael Egede Petersen,michael-egede-petersen,https://www.hyresult.com/athlete/michael-egede-petersen,50_54,862,71,6049,https://www.hyresult.com/result/LR3MS4JI3096C3,true,5,18,37,4,4,37,31,367,266,425,414,407,308,221,405,826
chicago_2025,pro_men,Tim Reid,tim-reid,https://www.hyresult.com/athlete/tim-reid,50_54,863,72,6082,https://www.hyresult.com/result/LR3MS4JI309D51,true,4,21,37,3,2,32,39,312,259,356,960,351,274,122,278,985
chicago_2025,pro_men,Carsten Wunderlich,carsten-wunderlich,https://www.hyresult.com/athlete/carsten-wunderlich,50_54,864,73,6117,https://www.hyresult.com/result/LR3MS4JI309C10,true,5,22,40,5,7,41,33,420,274,239,648,318,298,154,343,676
chicago_2025,pro_men,Benjamin Colchen,benjamin-colchen,https://www.hyresult.com/athlete/benjamin-colchen,40_44,865,141,6126,https://www.hyresult.com/result/LR3MS4JI309A00,true,4,15,28,4,3,24,28,270,243,504,727,240,262,350,398,1241
chicago_2025,pro_men,Karl Trew,karl-trew,https://www.hyresult.com/athlete/karl-trew,50_54,866,74,6132,https://www.hyresult.com/result/LR3MS4JI3099AB,true,5,27,38,8,6,51,47,413,256,488,451,408,313,143,417,576
chicago_2025,pro_men,Hector González Clemente,hector-gonzalez-clemente,https://www.hyresult.com/athlete/hector-gonzalez-clemente,55_59,867,33,6188,https://www.hyresult.com/result/LR3MS4JI309D75,true,5,25,39,5,3,40,33,431,258,334,428,284,318,164,424,903
chicago_2025,pro_men,Thomas Fritsch,thomas-fritsch,https://www.hyresult.com/athlete/thomas-fritsch,50_54,868,75,6220,https://www.hyresult.com/result/LR3MS4JI309F12,true,5,27,42,4,6,40,49,469,252,269,464,466,270,207,415,478
chicago_2025,pro_men,Angelo Sacino,unknown,unknown,45_49,869,97,6254,https://www.hyresult.com/result/LR3MS4JI30946F,false,0,0,0,0,0,0,0,0,0,0,0,0,0,0,0,0
chicago_2025,pro_men,David Campisi,unknown,unknown,50_54,870,76,6302,https://www.hyresult.com/result/LR3MS4JI3315E5,false,0,0,0,0,0,0,0,0,0,0,0,0,0,0,0,0
chicago_2025,pro_men,Richard Mason,richard-mason,https://www.hyresult.com/athlete/richard-mason,55_59,871,34,6346,https://www.hyresult.com/result/LR3MS4JI309EE0,true,6,23,50,5,6,39,42,447,262,374,474,351,290,168,395,802
chicago_2025,pro_men,Danny Thompson,unknown,unknown,45_49,872,98,6388,https://www.hyresult.com/result/LR3MS4JI309658,false,0,0,0,0,0,0,0,0,0,0,0,0,0,0,0,0
chicago_2025,pro_men,Michel Laborie,michel-laborie,https://www.hyresult.com/athlete/michel-laborie,55_59,873,35,6395,https://www.hyresult.com/result/LR3MS4JI3097DC,true,5,21,39,5,3,39,30,429,293,265,600,389,299,236,449,636
chicago_2025,pro_men,Roberto Margelli,roberto-margelli,https://www.hyresult.com/athlete/roberto-margelli,55_59,874,36,6553,https://www.hyresult.com/result/LR3MS4JI309CAF,true,6,31,47,37,8,49,58,422,314,257,586,461,326,285,443,606
chicago_2025,pro_men,Rainer Auer,rainer-auer,https://www.hyresult.com/athlete/rainer-auer,55_59,875,37,6561,https://www.hyresult.com/result/LR3MS4JI309EE9,true,6,22,36,6,5,45,55,381,297,391,614,575,331,157,366,686
chicago_2025,pro_men,Sidney Brasil,sidney-brasil,https://www.hyresult.com/athlete/sidney-brasil,50_54,876,77,6591,https://www.hyresult.com/result/LR3MS4JI3099A5,true,4,17,30,3,3,31,42,485,274,548,953,376,296,171,446,883
chicago_2025,pro_men,Ian Beevor,ian-beevor,https://www.hyresult.com/athlete/ian-beevor,55_59,877,38,6740,https://www.hyresult.com/result/LR3MS4JI30985B,true,6,25,51,4,54,43,37,449,272,399,465,380,295,195,613,633
chicago_2025,pro_men,Stephen Lucas,stephen-lucas,https://www.hyresult.com/athlete/stephen-lucas,55_59,878,39,6744,https://www.hyresult.com/result/LR3MS4JI309B6A,true,5,19,32,4,3,35,35,392,278,297,629,323,297,136,604,1103
chicago_2025,pro_men,Bernard Bourin,bernard-bourin,https://www.hyresult.com/athlete/bernard-bourin,55_59,879,40,6793,https://www.hyresult.com/result/LR3MS4JI309B69,true,5,21,36,28,13,36,34,396,288,251,518,465,308,191,432,1223
chicago_2025,pro_men,Jérôme Lucas,jerome-lucas,https://www.hyresult.com/athlete/jerome-lucas,55_59,880,41,6934,https://www.hyresult.com/result/LR3MS4JI309D3B,true,5,21,35,5,34,36,64,608,271,310,540,482,302,196,552,820
chicago_2025,pro_men,Dean Bianchi,dean-bianchi,https://www.hyresult.com/athlete/dean-bianchi,50_54,881,78,6941,https://www.hyresult.com/result/LR3MS4JI309EA4,true,5,25,39,6,6,43,51,627,269,265,551,510,316,199,527,734
chicago_2025,pro_men,Hayden Cowan,hayden-cowan,https://www.hyresult.com/athlete/hayden-cowan,45_49,882,99,7023,https://www.hyresult.com/result/LR3MS4JI309AC0,true,5,20,37,7,4,46,42,449,266,331,599,536,288,146,712,1016
chicago_2025,pro_men,Martin Harris,martin-harris,https://www.hyresult.com/athlete/martin-harris,55_59,883,42,7111,https://www.hyresult.com/result/LR3MS4JI309475,true,5,20,37,5,3,38,43,449,270,419,463,250,290,273,682,1252
chicago_2025,pro_men,Alec Morrison,unknown,unknown,55_59,884,43,7440,https://www.hyresult.com/result/LR3MS4JI3098D4,false,0,0,0,0,0,0,0,0,0,0,0,0,0,0,0,0
chicago_2025,pro_men,Ibnu Rizal,ibnu-rizal,https://www.hyresult.com/athlete/ibnu-rizal,50_54,885,79,8459,https://www.hyresult.com/result/LR3MS4JI3094C4,true,13,41,59,12,15,57,55,713,297,680,521,391,341,340,569,1033
chicago_2025,pro_men,JING XIAO,jing-xiao,https://www.hyresult.com/athlete/jing-xiao,55_59,886,44,9094,https://www.hyresult.com/result/LR3MS4JI309ED4,true,4,22,55,5,3,38,55,602,326,538,837,561,349,276,516,777
